-- phpMyAdmin SQL Dump
-- version 4.9.0.1
-- https://www.phpmyadmin.net/
--
-- Host: 127.0.0.1
-- Generation Time: Nov 23, 2019 at 01:41 PM
-- Server version: 10.3.16-MariaDB
-- PHP Version: 7.3.6

SET SQL_MODE = "NO_AUTO_VALUE_ON_ZERO";
SET AUTOCOMMIT = 0;
START TRANSACTION;
SET time_zone = "+00:00";


/*!40101 SET @OLD_CHARACTER_SET_CLIENT=@@CHARACTER_SET_CLIENT */;
/*!40101 SET @OLD_CHARACTER_SET_RESULTS=@@CHARACTER_SET_RESULTS */;
/*!40101 SET @OLD_COLLATION_CONNECTION=@@COLLATION_CONNECTION */;
/*!40101 SET NAMES utf8mb4 */;

--
-- Database: `db_nya`
--


--
-- Table structure for table `paket`
--

CREATE TABLE `paket` (
  `id` int(11) NOT NULL,
  `kdsatker` varchar(8) DEFAULT NULL,
  `urutpkt` int(3) DEFAULT NULL,
  `nmpaket` varchar(200) DEFAULT NULL,
  `slug` varchar(200) DEFAULT NULL,
  `trgoutput` decimal(10,4) DEFAULT NULL,
  `capaiOutput` varchar(10) DEFAULT NULL,
  `satoutput` varchar(10) DEFAULT NULL,
  `trgoutcome` decimal(9,4) DEFAULT NULL,
  `satoutcome` varchar(10) DEFAULT NULL,
  `kdoutput` varchar(3) DEFAULT NULL,
  `pagurmp` decimal(14,2) DEFAULT NULL,
  `pagurmawal` decimal(15,2) DEFAULT NULL,
  `keuangan` decimal(15,2) DEFAULT NULL,
  `progres_fisik` decimal(5,2) DEFAULT NULL,
  `TahunFisik` int(4) DEFAULT NULL,
  `created_at` timestamp NULL DEFAULT NULL,
  `updated_at` timestamp NULL DEFAULT NULL
) ENGINE=InnoDB DEFAULT CHARSET=utf8;

--
-- Dumping data for table `paket`
--

INSERT INTO `paket` (`id`, `kdsatker`, `urutpkt`, `nmpaket`, `slug`, `trgoutput`, `capaiOutput`, `satoutput`, `trgoutcome`, `satoutcome`, `kdoutput`, `pagurmp`, `pagurmawal`, `keuangan`, `progres_fisik`, `TahunFisik`, `created_at`, `updated_at`) VALUES
(501, '06498167', 44, 'Pembangunan intake air baku Kaligarang Semarang tahap II;Kota Semarang;Jawa Tengah;0 km; m3/detik;F;K;SYC', 'pembangunan-intake-air-baku-kaligarang-semarang-tahap-ii;kota-semarang;jawa-tengah;0-km;-m3-detik;f;k;syc', '1.0000', '', '177', '0.0000', 'lt/dt', '004', '12750000000.00', '12750000000.00', NULL, '70.00', 2019, NULL, NULL),
(502, '06498167', 45, 'Supervisi Pembangunan Jaringan Air Baku Mata Air Suren dan Mata Air Tenjo Kabupaten Tegal Tahap II;Kab. Tegal;Jawa Tengah;0;;NF;K;SYC', 'supervisi-pembangunan-jaringan-air-baku-mata-air-suren-dan-mata-air-tenjo-kabupaten-tegal-tahap-ii;kab-tegal;jawa-tengah;0;;nf;k;syc', '1.0000', '', '075', '0.0000', 'lt/dt', '004', '850000000.00', '850000000.00', NULL, '70.00', 2019, NULL, NULL),
(503, '06498167', 46, 'Supervisi Pembangunan Penyediaan Air Baku Kabupaten Kendal;Kab. Kendal;Jawa Tengah;0;;NF;K;SYC', 'supervisi-pembangunan-penyediaan-air-baku-kabupaten-kendal;kab-kendal;jawa-tengah;0;;nf;k;syc', '1.0000', '', '215', '0.0000', 'lt/dt', '004', '1000000000.00', '1000000000.00', NULL, '70.00', 2019, NULL, NULL),
(504, '06498167', 47, 'Pembangunan Penyediaan Air Baku Semarang Barat (MYC);Kota Semarang;Jawa Tengah;0 km; m3/detik;F;K;MYC', 'pembangunan-penyediaan-air-baku-semarang-barat-(myc);kota-semarang;jawa-tengah;0-km;-m3-detik;f;k;myc', '2.2700', '', '177', '0.0000', 'lt/dt', '004', '35637346000.00', '105351666000.00', NULL, '70.00', 2019, NULL, NULL),
(505, '06498317', 23, 'Rehabilitasi JIAT Tersebar di Kec. Ranomeeto dan Kec. Ranomeeto Barat Kab. Konawe Selatan Provinsi Sulawesi Tenggara', 'rehabilitasi-jiat-tersebar-di-kec-ranomeeto-dan-kec-ranomeeto-barat-kab-konawe-selatan-provinsi-sulawesi-tenggara', '0.0001', '', '177', '0.0000', 'lt/dt', '010', '3892418000.00', '3892418000.00', '3154879000.00', '69.51', 2019, NULL, '2019-11-06 01:53:59'),
(506, '06498287', 34, 'Pengadaan Perlengkapan dan Jaringan Air Tanah Untuk Air Baku pada Daerah Kekeringan di Desa Siduan Kec. Paguat Kab. Pohuwato;Kab. Pohuwato;Gorontalo;0;;F;S;SYC', 'pengadaan-perlengkapan-dan-jaringan-air-tanah-untuk-air-baku-pada-daerah-kekeringan-di-desa-siduan-kec-paguat-kab-pohuwato;kab-pohuwato;gorontalo;0;;f;s;syc', '1.0000', '', '491', '0.0000', 'lt/dt', '002', '200000000.00', '200000000.00', '184204000.00', '92.10', 2019, NULL, '2019-11-06 01:42:54'),
(507, '06498287', 35, 'Pembangunan Sumur Eksplorasi/Produksi dan Prasarana Air Tanah Untuk Air Baku pada Daerah kekeringan Desa Wubudu Kec. Sumalata Kab. Gorontalo Utara;Kab. Gorontalo Utara;Gorontalo;1 titik; m3/detik;F;S;', 'pembangunan-sumur-eksplorasi-produksi-dan-prasarana-air-tanah-untuk-air-baku-pada-daerah-kekeringan-desa-wubudu-kec-sumalata-kab-gorontalo-utara;kab-gorontalo-utara;gorontalo;1-titik;-m3-detik;f;s;', '1.0000', '', '491', '0.0000', 'lt/dt', '002', '200000000.00', '200000000.00', '152703000.00', '76.35', 2019, NULL, '2019-11-06 01:43:42'),
(508, '06498287', 36, 'Pengadaan Perlengkapan dan Jaringan Air Tanah Untuk Air Baku pada Daerah Kekeringan di Desa Wubudu Kec. Sumalata Kab. Gorontalo Utara;Kab. Gorontalo;Gorontalo;0;;F;S;SYC', 'pengadaan-perlengkapan-dan-jaringan-air-tanah-untuk-air-baku-pada-daerah-kekeringan-di-desa-wubudu-kec-sumalata-kab-gorontalo-utara;kab-gorontalo;gorontalo;0;;f;s;syc', '1.0000', '', '491', '0.0000', 'lt/dt', '002', '200000000.00', '200000000.00', '15755000.00', '7.88', 2019, NULL, '2019-11-06 01:44:12'),
(509, '06498177', 37, 'Pembangunan Penyediaan Air Tanah untuk Air Baku pada Daerah Kekeringan di Desa Logandeng, Kec. Playen, Kab. Gunungkidul;Kab. Gunung Kidul;DI Yogyakarta;1 titik; m3/detik;F;S;SYC', 'pembangunan-penyediaan-air-tanah-untuk-air-baku-pada-daerah-kekeringan-di-desa-logandeng-kec-playen-kab-gunungkidul;kab-gunung-kidul;di-yogyakarta;1-titik;-m3-detik;f;s;syc', '1.0000', '', '491', '0.0000', 'lt/dt', '002', '300000000.00', '300000000.00', NULL, '70.00', 2019, NULL, NULL),
(510, '06498177', 38, 'Pengadaan Perlengkapan Air Tanah untuk Air Baku pada Daerah Kekeringan di Desa Logandeng, Kec. Playen, Kab. Gunungkidul;Kab. Gunung Kidul;DI Yogyakarta;0 titik; m3/detik;F; S; SYC', 'pengadaan-perlengkapan-air-tanah-untuk-air-baku-pada-daerah-kekeringan-di-desa-logandeng-kec-playen-kab-gunungkidul;kab-gunung-kidul;di-yogyakarta;0-titik;-m3-detik;f;-s;-syc', '0.0000', '', '491', '0.0000', 'lt/dt', '002', '100000000.00', '100000000.00', NULL, '70.00', 2019, NULL, NULL),
(511, '06498167', 48, 'Supervisi Pembangunan Penyediaan Air Baku Semarang Barat (MYC);Kota Semarang;Jawa Tengah;1;;NF;K;MYC', 'supervisi-pembangunan-penyediaan-air-baku-semarang-barat-(myc);kota-semarang;jawa-tengah;1;;nf;k;myc', '1.0000', '', '215', '0.0000', 'lt/dt', '004', '1868200000.00', '5500000000.00', NULL, '70.00', 2019, NULL, NULL),
(512, '06498031', 21, 'Supervisi Pembangunan Prasarana Air Baku Panunggangan;Kota Tangerang;Banten;1 Dokumen;Dokumen;NF;K;SYC', 'supervisi-pembangunan-prasarana-air-baku-panunggangan;kota-tangerang;banten;1-dokumen;dokumen;nf;k;syc', '1.0000', '', '075', '0.0000', 'lt/dt', '004', '450000000.00', '450000000.00', NULL, '70.00', 2019, NULL, NULL),
(513, '06498167', 49, 'Pembangunan Jaringan Air Baku Tuk Uleng Kab Brebes Tahap II;Kab. Brebes;Jawa Tengah;1 km; m3/detik;F;K;SYC', 'pembangunan-jaringan-air-baku-tuk-uleng-kab-brebes-tahap-ii;kab-brebes;jawa-tengah;1-km;-m3-detik;f;k;syc', '8.6200', '', '177', '0.0000', 'lt/dt', '004', '44550000000.00', '44550000000.00', NULL, '70.00', 2019, NULL, NULL),
(514, '06498167', 50, 'Supervisi Pembangunan Jaringan Air Baku Tuk Uleng Kab Brebes Tahap II;Kab. Brebes;Jawa Tengah;0;;NF;K;SYC', 'supervisi-pembangunan-jaringan-air-baku-tuk-uleng-kab-brebes-tahap-ii;kab-brebes;jawa-tengah;0;;nf;k;syc', '1.0000', '', '215', '0.0000', 'lt/dt', '004', '850000000.00', '850000000.00', NULL, '70.00', 2019, NULL, NULL),
(515, '06498177', 39, 'Pembangunan Penyediaan Air Tanah untuk Air Baku pada Daerah Kekeringan di Desa Mulusan, Kec. Paliyan, Kab. Gunungkidul;Kab. Gunung Kidul;DI Yogyakarta;1 titik; m3/detik;F; S; SYC', 'pembangunan-penyediaan-air-tanah-untuk-air-baku-pada-daerah-kekeringan-di-desa-mulusan-kec-paliyan-kab-gunungkidul;kab-gunung-kidul;di-yogyakarta;1-titik;-m3-detik;f;-s;-syc', '1.0000', '', '491', '0.0000', 'lt/dt', '002', '300000000.00', '300000000.00', NULL, '70.00', 2019, NULL, NULL),
(516, '06498177', 40, 'Pengadaan Perlengkapan Air Tanah untuk Air Baku pada Daerah Kekeringan di Desa Mulusan, Kec. Paliyan, Kab. Gunungkidul;Kab. Gunung Kidul; DI Yogyakarta;0 titik; m3/detik; F;S; SYC', 'pengadaan-perlengkapan-air-tanah-untuk-air-baku-pada-daerah-kekeringan-di-desa-mulusan-kec-paliyan-kab-gunungkidul;kab-gunung-kidul;-di-yogyakarta;0-titik;-m3-detik;-f;s;-syc', '0.0000', '', '491', '0.0000', 'lt/dt', '002', '100000000.00', '100000000.00', NULL, '70.00', 2019, NULL, NULL),
(517, '06498177', 41, 'Pembangunan Penyediaan Air Tanah untuk Air Baku pada Daerah Kekeringan di Desa Selang, Kec. Wonosari, Kab. Gunungkidul;Kab. Gunung Kidul;DI Yogyakarta;1 titik; m3/detik; F; S; SYC', 'pembangunan-penyediaan-air-tanah-untuk-air-baku-pada-daerah-kekeringan-di-desa-selang-kec-wonosari-kab-gunungkidul;kab-gunung-kidul;di-yogyakarta;1-titik;-m3-detik;-f;-s;-syc', '1.0000', '', '491', '0.0000', 'lt/dt', '002', '300000000.00', '300000000.00', NULL, '70.00', 2019, NULL, NULL),
(518, '06498197', 36, 'Pengukuran Geolistrik di WS Brantas dan Peksamdur', 'pengukuran-geolistrik-di-ws-brantas-dan-peksamdur', '1.0000', '', '075', '0.0000', 'lt/dt', '001', '300000000.00', '300000000.00', NULL, '70.00', 2019, NULL, NULL),
(519, '06498197', 37, 'Pembangunan Jaringan Air Tanah untuk Air Baku di Kab. Blitar', 'pembangunan-jaringan-air-tanah-untuk-air-baku-di-kab-blitar', '1.0000', '', '491', '0.0000', 'lt/dt', '002', '1000000000.00', '1000000000.00', NULL, '70.00', 2019, NULL, NULL),
(520, '06498197', 38, 'Pembangunan Jaringan Air Tanah untuk Air Baku di Kab.Malang', 'pembangunan-jaringan-air-tanah-untuk-air-baku-di-kabmalang', '1.0000', '', '491', '0.0000', 'lt/dt', '002', '1000000000.00', '1000000000.00', NULL, '70.00', 2019, NULL, NULL),
(521, '06498197', 39, 'Pembangunan Jaringan Air Tanah untuk Air Baku di Kab. Banyuwangi', 'pembangunan-jaringan-air-tanah-untuk-air-baku-di-kab-banyuwangi', '1.0000', '', '491', '0.0000', 'lt/dt', '002', '1000000000.00', '1000000000.00', NULL, '70.00', 2019, NULL, NULL),
(522, '06498197', 40, 'Pembangunan Jaringan Air Tanah untuk Air Baku di Kab. Pamekasan', 'pembangunan-jaringan-air-tanah-untuk-air-baku-di-kab-pamekasan', '1.0000', '', '491', '0.0000', 'lt/dt', '002', '1000000000.00', '1000000000.00', NULL, '70.00', 2019, NULL, NULL),
(523, '06498197', 41, 'Persiapan Operasi dan Pemeliharaan Air Tanah (Swakelola)', 'persiapan-operasi-dan-pemeliharaan-air-tanah-(swakelola)', '0.0000', '', '491', '0.0000', 'lt/dt', '002', '1000000000.00', '1000000000.00', NULL, '70.00', 2019, NULL, NULL),
(524, '06498197', 42, 'Pembangunan Penyediaan Air Tanah untuk Air Baku pada Daerah Kekeringan di Desa Ceguk, Kec. Tlanakan, Kab. Pamekasan', 'pembangunan-penyediaan-air-tanah-untuk-air-baku-pada-daerah-kekeringan-di-desa-ceguk-kec-tlanakan-kab-pamekasan', '1.0000', '', '491', '0.0000', 'lt/dt', '002', '200000000.00', '200000000.00', NULL, '70.00', 2019, NULL, NULL),
(525, '06498197', 43, 'Pengadaan Perlengkapan dan Jaringan Air Tanah untuk Air Baku pada Daerah Kekeringan di Desa Ceguk Kec. Tlanakan Kab. Pamekasan', 'pengadaan-perlengkapan-dan-jaringan-air-tanah-untuk-air-baku-pada-daerah-kekeringan-di-desa-ceguk-kec-tlanakan-kab-pamekasan', '0.0000', '', '491', '0.0000', 'lt/dt', '002', '200000000.00', '200000000.00', NULL, '70.00', 2019, NULL, NULL),
(526, '06498197', 44, 'Pembangunan Tampungan Air Hujan/Embung pada Daerah Kekeringan di Kab.Sumenep', 'pembangunan-tampungan-air-hujan-embung-pada-daerah-kekeringan-di-kabsumenep', '0.0000', '', '491', '0.0000', 'lt/dt', '002', '2500000000.00', '2500000000.00', NULL, '70.00', 2019, NULL, NULL),
(527, '06498167', 51, 'Pembangunan rumah pompa dan pengadaan pompa intake Kalimati Kab. Jepara;Kab. Jepara;Jawa Tengah;0 titik; m3/detik;F;K;SYC', 'pembangunan-rumah-pompa-dan-pengadaan-pompa-intake-kalimati-kab-jepara;kab-jepara;jawa-tengah;0-titik;-m3-detik;f;k;syc', '1.0000', '', '047', '0.0000', 'lt/dt', '008', '5000000000.00', '5000000000.00', NULL, '70.00', 2019, NULL, NULL),
(528, '06633722', 80, 'SID Penyediaan Air Baku untuk menunjang Pariwisata Danau Toba di Parapat (Rest Area);Kab. Simalungun', 'sid-penyediaan-air-baku-untuk-menunjang-pariwisata-danau-toba-di-parapat-(rest-area);kab-simalungun', '1.0000', '', '075', '0.0000', 'lt/dt', '001', '1000000000.00', '1000000000.00', NULL, '70.00', 2019, NULL, NULL),
(529, '06633722', 81, 'SID Penyediaan Air Baku di Kota Tarutung Kab.Tapanuli Utara', 'sid-penyediaan-air-baku-di-kota-tarutung-kabtapanuli-utara', '1.0000', '', '075', '0.0000', 'lt/dt', '001', '800000000.00', '800000000.00', NULL, '70.00', 2019, NULL, NULL),
(530, '06498136', 61, 'Pembangunan Rumah Pompa dan Prasarana Air Baku 4 (empat) Lokasi di Kabupaten Bandung Barat', 'pembangunan-rumah-pompa-dan-prasarana-air-baku-4-(empat)-lokasi-di-kabupaten-bandung-barat', '4.0000', '', '491', '0.0000', 'lt/dt', '002', '1566405000.00', '1566405000.00', NULL, '70.00', 2019, NULL, NULL),
(531, '06498136', 62, 'Pengadaan dan Pemasangan Pompa Submersible Berikut Mesin Penggerak Termasuk Assesoriesnya 4 (empat) Unit di Kabupaten Indramayu', 'pengadaan-dan-pemasangan-pompa-submersible-berikut-mesin-penggerak-termasuk-assesoriesnya-4-(empat)-unit-di-kabupaten-indramayu', '4.0000', '', '491', '0.0000', 'lt/dt', '002', '1476492000.00', '1476492000.00', NULL, '70.00', 2019, NULL, NULL),
(532, '06498136', 63, 'Pengadaan dan Pemasangan Pompa Submersible Berikut Mesin Penggerak Termasuk Assesoriesnya 4 (empat) Unit di Kabupaten Bandung Barat', 'pengadaan-dan-pemasangan-pompa-submersible-berikut-mesin-penggerak-termasuk-assesoriesnya-4-(empat)-unit-di-kabupaten-bandung-barat', '4.0000', '', '491', '0.0000', 'lt/dt', '002', '1194962000.00', '1194962000.00', NULL, '70.00', 2019, NULL, NULL),
(533, '06498162', 45, 'Pendayagunaan Air Tanah untuk Jaringan Irigasi Air Tanah (JIAT) di Kabupaten Majalengka;Kab. Majalengka;Jawa Barat;3 titik; m3/detik;F;K;SYC', 'pendayagunaan-air-tanah-untuk-jaringan-irigasi-air-tanah-(jiat)-di-kabupaten-majalengka;kab-majalengka;jawa-barat;3-titik;-m3-detik;f;k;syc', '3.0000', '', '491', '0.0000', 'lt/dt', '002', '4629648000.00', '4629648000.00', NULL, '70.00', 2019, NULL, NULL),
(534, '06498162', 46, 'Pembangunan Penyediaan Air Tanah untuk Air Baku pada Daerah Kekeringan di Desa Karangmulya Kec. Kandanghaur Kab. Indramayu;Kab. Indramayu;Jawa Barat;0 titik; m3/detik;NF;S;SYC', 'pembangunan-penyediaan-air-tanah-untuk-air-baku-pada-daerah-kekeringan-di-desa-karangmulya-kec-kandanghaur-kab-indramayu;kab-indramayu;jawa-barat;0-titik;-m3-detik;nf;s;syc', '1.0000', '', '491', '0.0000', 'lt/dt', '002', '200000000.00', '200000000.00', NULL, '70.00', 2019, NULL, NULL),
(535, '06498136', 64, 'Pengeboran Sumur Produksi 6 (Enam) Titik di Kabupaten Sukabumi', 'pengeboran-sumur-produksi-6-(enam)-titik-di-kabupaten-sukabumi', '6.0000', '', '491', '0.0000', 'lt/dt', '002', '2236299000.00', '2236299000.00', NULL, '70.00', 2019, NULL, NULL),
(536, '06498162', 47, 'Pengadaan Perlengkapan dan Jaringan Air Tanah untuk Air Baku pada Daerah Kekeringan di Desa Karangmulya Kec. Kandanghaur Kab. Indramayu;Kab. Indramayu;Jawa Barat;0 titik; m3/detik;NF;S;SYC', 'pengadaan-perlengkapan-dan-jaringan-air-tanah-untuk-air-baku-pada-daerah-kekeringan-di-desa-karangmulya-kec-kandanghaur-kab-indramayu;kab-indramayu;jawa-barat;0-titik;-m3-detik;nf;s;syc', '0.0000', '', '491', '0.0000', 'lt/dt', '002', '200000000.00', '200000000.00', NULL, '70.00', 2019, NULL, NULL),
(537, '06498162', 48, 'Pembangunan Penyediaan Air Tanah untuk Air Baku pada Daerah Kekeringan di Desa Sarwadadi Kec. Talun Kab. Cirebon;Kab. Cirebon;Jawa Barat;0 titik; m3/detik;NF;S;SYC', 'pembangunan-penyediaan-air-tanah-untuk-air-baku-pada-daerah-kekeringan-di-desa-sarwadadi-kec-talun-kab-cirebon;kab-cirebon;jawa-barat;0-titik;-m3-detik;nf;s;syc', '1.0000', '', '491', '0.0000', 'lt/dt', '002', '200000000.00', '200000000.00', NULL, '70.00', 2019, NULL, NULL),
(538, '06498136', 65, 'Supervisi Konstruksi Air Tanah di Kota Bandung Kab. Bandung Barat, Sukabumi, Subang dan Cianjur', 'supervisi-konstruksi-air-tanah-di-kota-bandung-kab-bandung-barat-sukabumi-subang-dan-cianjur', '1.0000', '', '215', '0.0000', 'lt/dt', '002', '1140425000.00', '1140425000.00', NULL, '70.00', 2019, NULL, NULL),
(539, '06498136', 66, 'Pembangunan Tampungan Air Hujan pada Daerah Kekeringan di Kabupaten Cianjur (Paket 1)', 'pembangunan-tampungan-air-hujan-pada-daerah-kekeringan-di-kabupaten-cianjur-(paket-1)', '1.0000', '', '047', '0.0000', 'lt/dt', '003', '450000000.00', '450000000.00', NULL, '70.00', 2019, NULL, NULL),
(540, '06498136', 67, 'Pembangunan Tampungan Air Hujan pada Daerah Kekeringan di Kabupaten Cianjur (Paket 2)', 'pembangunan-tampungan-air-hujan-pada-daerah-kekeringan-di-kabupaten-cianjur-(paket-2)', '1.0000', '', '047', '0.0000', 'lt/dt', '003', '450000000.00', '450000000.00', NULL, '70.00', 2019, NULL, NULL),
(541, '06498027', 44, 'Pengeboran Sumur Air Tanah pada Daerah Kekeringan di Kab. Tapanuli Selatan;Sumatera Utara;1 titik; 0,005 m3/detik;F;K;SYC', 'pengeboran-sumur-air-tanah-pada-daerah-kekeringan-di-kab-tapanuli-selatan;sumatera-utara;1-titik;-0005-m3-detik;f;k;syc', '5.0000', '', '491', '0.0000', 'lt/dt', '002', '200000000.00', '200000000.00', NULL, '70.00', 2019, NULL, NULL),
(542, '06498087', 23, 'Pengadaan Perlengkapan dan Jaringan Air Tanah untuk Air Baku pada Daerah Kekeringan di Desa Arga jaya Kec.Air Rami', 'pengadaan-perlengkapan-dan-jaringan-air-tanah-untuk-air-baku-pada-daerah-kekeringan-di-desa-arga-jaya-kecair-rami', '1.0000', '', '491', '0.0000', 'lt/dt', '002', '200000000.00', '200000000.00', NULL, '70.00', 2019, NULL, NULL),
(543, '06498087', 24, 'Pembangunan Penyediaan Air Tanah untuk Air Baku pada Daerah Kekeringan di Desa Tirta Kencana Kec.Air Rami', 'pembangunan-penyediaan-air-tanah-untuk-air-baku-pada-daerah-kekeringan-di-desa-tirta-kencana-kecair-rami', '1.0000', '', '491', '0.0000', 'lt/dt', '002', '200000000.00', '200000000.00', NULL, '70.00', 2019, NULL, NULL),
(544, '06498087', 25, 'Pembangunan Penyediaan Air Tanah untuk Air Baku pada Daerah Kekeringan di Desa Tanjung Jaya Kec.Ipuh', 'pembangunan-penyediaan-air-tanah-untuk-air-baku-pada-daerah-kekeringan-di-desa-tanjung-jaya-kecipuh', '1.0000', '', '491', '0.0000', 'lt/dt', '002', '200000000.00', '200000000.00', NULL, '70.00', 2019, NULL, NULL),
(545, '06498087', 26, 'Pengadaan Perlengkapan dan Jaringan Air Tanah untuk Air Baku pada Daerah Kekeringan di Desa Tanjung Jaya Kec.Ipuh', 'pengadaan-perlengkapan-dan-jaringan-air-tanah-untuk-air-baku-pada-daerah-kekeringan-di-desa-tanjung-jaya-kecipuh', '1.0000', '', '491', '0.0000', 'lt/dt', '002', '200000000.00', '200000000.00', NULL, '70.00', 2019, NULL, NULL),
(546, '06498087', 27, 'Pembangunan Penyediaan Air Tanah untuk Air Baku pada Daerah Kekeringan di Desa Talang Arah Kec.Malin Deman', 'pembangunan-penyediaan-air-tanah-untuk-air-baku-pada-daerah-kekeringan-di-desa-talang-arah-kecmalin-deman', '1.0000', '', '491', '0.0000', 'lt/dt', '002', '200000000.00', '200000000.00', NULL, '70.00', 2019, NULL, NULL),
(547, '06498087', 28, 'Pengadaan Perlengkapan dan Jaringan Air Tanah untuk Air Baku pada Daerah Kekeringan di Desa Talang Arah Kec.Malin Deman', 'pengadaan-perlengkapan-dan-jaringan-air-tanah-untuk-air-baku-pada-daerah-kekeringan-di-desa-talang-arah-kecmalin-deman', '1.0000', '', '491', '0.0000', 'lt/dt', '002', '200000000.00', '200000000.00', NULL, '70.00', 2019, NULL, NULL),
(548, '06498087', 29, 'Pembangunan Penyediaan Air Tanah untuk Air Baku pada Daerah Kekeringan di Desa Air Merah Kec.Malin Demam', 'pembangunan-penyediaan-air-tanah-untuk-air-baku-pada-daerah-kekeringan-di-desa-air-merah-kecmalin-demam', '1.0000', '', '491', '0.0000', 'lt/dt', '002', '200000000.00', '200000000.00', NULL, '70.00', 2019, NULL, NULL),
(549, '06498087', 30, 'Pengadaan Perlengkapan dan Jaringan Air Tanah untuk Air Baku pada Daerah Kekeringan di Desa Air Merah Kec.Malin Demam', 'pengadaan-perlengkapan-dan-jaringan-air-tanah-untuk-air-baku-pada-daerah-kekeringan-di-desa-air-merah-kecmalin-demam', '1.0000', '', '491', '0.0000', 'lt/dt', '002', '200000000.00', '200000000.00', NULL, '70.00', 2019, NULL, NULL),
(550, '06498087', 31, 'Pengadaan Perlengkapan dan Jaringan Air Tanah untuk Air Baku pada Daerah Kekeringan di Desa Tirta Kencana', 'pengadaan-perlengkapan-dan-jaringan-air-tanah-untuk-air-baku-pada-daerah-kekeringan-di-desa-tirta-kencana', '1.0000', '', '491', '0.0000', 'lt/dt', '002', '200000000.00', '200000000.00', NULL, '70.00', 2019, NULL, NULL),
(551, '06498197', 45, 'Pembangunan Penyediaan Air Tanah Untuk Air Baku Pada Daerah Kekeringan/Rawan Air di Kab. Jombang', 'pembangunan-penyediaan-air-tanah-untuk-air-baku-pada-daerah-kekeringan-rawan-air-di-kab-jombang', '0.0000', '', '491', '0.0000', 'lt/dt', '002', '400000000.00', '400000000.00', NULL, '70.00', 2019, NULL, NULL),
(552, '06498197', 46, 'Pengadaan Perlengkapan dan Jaringan Air Tanah Untuk Air Baku Pada Daerah Kekeringan/Rawan Air di Kab. Jombang', 'pengadaan-perlengkapan-dan-jaringan-air-tanah-untuk-air-baku-pada-daerah-kekeringan-rawan-air-di-kab-jombang', '0.0000', '', '491', '0.0000', 'lt/dt', '002', '800000000.00', '800000000.00', NULL, '70.00', 2019, NULL, NULL),
(553, '06498197', 47, 'Pengadaan MUD PUMP', 'pengadaan-mud-pump', '0.0000', '', '491', '0.0000', 'lt/dt', '002', '4500000000.00', '4500000000.00', NULL, '70.00', 2019, NULL, NULL),
(554, '06498197', 48, 'Pengadaan MATA BOR', 'pengadaan-mata-bor', '0.0000', '', '491', '0.0000', 'lt/dt', '002', '700000000.00', '700000000.00', NULL, '70.00', 2019, NULL, NULL),
(555, '06498197', 49, 'Pembangunan Jaringan Air Tanah untuk Air Baku di Kab. Sumenep dan Kab. Sampang', 'pembangunan-jaringan-air-tanah-untuk-air-baku-di-kab-sumenep-dan-kab-sampang', '2.0000', '', '491', '0.0000', 'lt/dt', '002', '2000000000.00', '2000000000.00', NULL, '70.00', 2019, NULL, NULL),
(556, '06498248', 21, 'Pemboran Air Tanah untuk Air Baku pada Daerah Kekeringan di Desa Kaliasem Kec.Banjar Kab. Buleleng;Kab.Buleleng;Bali;1 titik; 0,0001m3/detik;F;K;SYC', 'pemboran-air-tanah-untuk-air-baku-pada-daerah-kekeringan-di-desa-kaliasem-kecbanjar-kab-buleleng;kabbuleleng;bali;1-titik;-00001m3-detik;f;k;syc', '1.0000', '', '491', '0.0000', 'lt/dt', '002', '200000000.00', '200000000.00', NULL, '70.00', 2019, NULL, NULL),
(557, '06498248', 22, 'Pengadaan Perlengkapan dan Jaringan Air Tanah untuk Air Baku pada Daerah Kekeringan di Desa Kaliasem Kec.Banjar Kab. Buleleng;Kab.Buleleng;Bali;0 titik; 0 m3/detik;F;K;SYC', 'pengadaan-perlengkapan-dan-jaringan-air-tanah-untuk-air-baku-pada-daerah-kekeringan-di-desa-kaliasem-kecbanjar-kab-buleleng;kabbuleleng;bali;0-titik;-0-m3-detik;f;k;syc', '0.0000', '', '491', '0.0000', 'lt/dt', '002', '200000000.00', '200000000.00', NULL, '70.00', 2019, NULL, NULL),
(558, '06498248', 23, 'Pemboran Air Tanah untuk Air Baku pada Daerah Kekeringan di Desa Patas Kec.Gerokgak Kab. Buleleng;Kab. Buleleng;Bali;1 titik; 0,0001 m3/detik;F;K;SYC', 'pemboran-air-tanah-untuk-air-baku-pada-daerah-kekeringan-di-desa-patas-kecgerokgak-kab-buleleng;kab-buleleng;bali;1-titik;-00001-m3-detik;f;k;syc', '1.0000', '', '491', '0.0000', 'lt/dt', '002', '200000000.00', '200000000.00', NULL, '70.00', 2019, NULL, NULL),
(559, '06498248', 24, 'Pengadaan Perlengkapan dan Jaringan Air Tanah untuk Air Baku pada Daerah Kekeringan di Desa Patas Kec.Gerokgak Kab. Buleleng;Kab. Buleleng;Bali;0 titik; 0 m3/detik;F;K;SYC', 'pengadaan-perlengkapan-dan-jaringan-air-tanah-untuk-air-baku-pada-daerah-kekeringan-di-desa-patas-kecgerokgak-kab-buleleng;kab-buleleng;bali;0-titik;-0-m3-detik;f;k;syc', '0.0000', '', '491', '0.0000', 'lt/dt', '002', '200000000.00', '200000000.00', NULL, '70.00', 2019, NULL, NULL),
(560, '06498248', 25, 'Pemboran Air Tanah untuk Air Baku pada Daerah Kekeringan di Desa Tianyar Barat Kec.Kubu Kab. Karangasem :Kab. Karangasem;Bali;1 titik; 0,0001 m3/detik;F;K;SYC', 'pemboran-air-tanah-untuk-air-baku-pada-daerah-kekeringan-di-desa-tianyar-barat-keckubu-kab-karangasem-:kab-karangasem;bali;1-titik;-00001-m3-detik;f;k;syc', '1.0000', '', '491', '0.0000', 'lt/dt', '002', '200000000.00', '200000000.00', NULL, '70.00', 2019, NULL, NULL),
(561, '06498217', 27, 'Pembangunan Penyediaan Sarana Air Baku Kabupaten Tabalong (Intake Belimbing) dan Jaringan Pipa Transmisi;Kab. Tabalong;Kalimantan Selatan;0.35 km; Hektar;F;K;SYC', 'pembangunan-penyediaan-sarana-air-baku-kabupaten-tabalong-(intake-belimbing)-dan-jaringan-pipa-transmisi;kab-tabalong;kalimantan-selatan;035-km;-hektar;f;k;syc', '0.3500', '', '177', '0.0000', 'lt/dt', '004', '11811905000.00', '11811905000.00', '5666316000.00', '48.15', 2019, NULL, '2019-11-05 00:09:09'),
(562, '06498067', 28, 'Pembangunan Prasarana Pengambilan Air Tanah Untuk Air Baku (8 Lokasi) di Kab. Muaro Jambi;Kab. Muaro Jambi;Jambi;8 titik; m3/detik;F;K;SYC', 'pembangunan-prasarana-pengambilan-air-tanah-untuk-air-baku-(8-lokasi)-di-kab-muaro-jambi;kab-muaro-jambi;jambi;8-titik;-m3-detik;f;k;syc', '8.0000', '', '491', '0.0000', 'lt/dt', '002', '9500000000.00', '9500000000.00', NULL, '70.00', 2019, NULL, NULL),
(563, '06498067', 29, 'Pembangunan Prasarana Pengambilan Air Tanah Untuk Air Baku (8 Lokasi) di Kab. Merangin;Kab. Merangin;Jambi;8 titik; m3/detik;F;K;SYC', 'pembangunan-prasarana-pengambilan-air-tanah-untuk-air-baku-(8-lokasi)-di-kab-merangin;kab-merangin;jambi;8-titik;-m3-detik;f;k;syc', '8.0000', '', '491', '0.0000', 'lt/dt', '002', '9500000000.00', '9500000000.00', NULL, '70.00', 2019, NULL, NULL),
(564, '06498197', 50, 'Pembangunan Embung di Kabupaten Sampang', 'pembangunan-embung-di-kabupaten-sampang', '1.0000', '', '047', '0.0000', 'lt/dt', '003', '5000000000.00', '5000000000.00', NULL, '70.00', 2019, NULL, NULL),
(565, '06498197', 51, 'Pengembangan Embung Samiran di Kab. Pamekasan', 'pengembangan-embung-samiran-di-kab-pamekasan', '1.0000', '', '047', '0.0000', 'lt/dt', '003', '4500000000.00', '4500000000.00', NULL, '70.00', 2019, NULL, NULL),
(566, '06498357', 27, 'Pembangunan Penyedia Air Tanah untuk Air Baku pada Daerah Kekeringan di Desa Klasari Kec. Moisegen Kab. Sorong;Kab. Sorong;Papua Barat;1 titik; m3/detik;F;K;SYC', 'pembangunan-penyedia-air-tanah-untuk-air-baku-pada-daerah-kekeringan-di-desa-klasari-kec-moisegen-kab-sorong;kab-sorong;papua-barat;1-titik;-m3-detik;f;k;syc', '1.0000', '', '491', '0.0000', 'lt/dt', '002', '200000000.00', '200000000.00', NULL, '70.00', 2019, NULL, NULL),
(567, '06498357', 28, 'Pengadaan perlengkapan dan Jaringan Air Tanah untuk Air Baku pada Daerah Kekeringan di Desa Klasari Kec. Moisegen Kab. Sorong;Kab. Sorong;Papua Barat;0.0000 titik; m3/detik;NF;K;SYC', 'pengadaan-perlengkapan-dan-jaringan-air-tanah-untuk-air-baku-pada-daerah-kekeringan-di-desa-klasari-kec-moisegen-kab-sorong;kab-sorong;papua-barat;00000-titik;-m3-detik;nf;k;syc', '0.0000', '', '491', '0.0000', 'lt/dt', '002', '200000000.00', '200000000.00', NULL, '70.00', 2019, NULL, NULL),
(568, '06498349', 26, 'Pengadaan Tanah Bangunan Penguat Tekan/Booster Jaringan Pipa Transmisi Air Baku SA. Sungai Maro Kota Merauke (MYC) Kab;Kab. Merauke;Papua;0 buah; Hektar;F;K;SYC', 'pengadaan-tanah-bangunan-penguat-tekan-booster-jaringan-pipa-transmisi-air-baku-sa-sungai-maro-kota-merauke-(myc)-kab;kab-merauke;papua;0-buah;-hektar;f;k;syc', '0.0000', '', '047', '0.0000', 'lt/dt', '004', '225000000.00', '225000000.00', NULL, '70.00', 2019, NULL, NULL),
(569, '06498257', 47, 'PrOM Sumur Air Tanah di Pulau Sumbawa;Tersebar**;Nusa Tenggara Barat;0 ; ;F;S;SYC', 'prom-sumur-air-tanah-di-pulau-sumbawa;tersebar**;nusa-tenggara-barat;0-;-;f;s;syc', '0.0000', '', '491', '0.0000', 'lt/dt', '005', '250000000.00', '250000000.00', NULL, '70.00', 2019, NULL, NULL),
(570, '06633857', 82, 'Pendampingan ESP', 'pendampingan-esp', '1.0000', '', '163', '0.0000', 'lt/dt', '001', '30000000.00', '30000000.00', NULL, '70.00', 2019, NULL, NULL),
(571, '06633744', 53, 'SID Penyediaan Air Baku di Kab.Kepulauan Anambas', 'sid-penyediaan-air-baku-di-kabkepulauan-anambas', '1.0000', '', '075', '0.0000', 'lt/dt', '001', '1500000000.00', '1500000000.00', NULL, '70.00', 2019, NULL, NULL),
(572, '06498637', 21, 'Pembangunan Tampungan Air Hujan pada Daerah Kekeringan di Desa Kao Teluk Kec. Kao Kab. Halmahera Utara', 'pembangunan-tampungan-air-hujan-pada-daerah-kekeringan-di-desa-kao-teluk-kec-kao-kab-halmahera-utara', '1.0000', '', '047', '0.0000', 'lt/dt', '003', '419071000.00', '419071000.00', NULL, '70.00', 2019, NULL, NULL),
(573, '06498098', 29, 'Pendampingan ESP;Kota Pangkal Pinang;Kepulauan Bangka Belitung;0 Dokumen; Dokumen;NF;AU;SYC', 'pendampingan-esp;kota-pangkal-pinang;kepulauan-bangka-belitung;0-dokumen;-dokumen;nf;au;syc', '0.0001', '', '075', '0.0000', 'lt/dt', '001', '30000000.00', '30000000.00', NULL, '70.00', 2019, NULL, NULL),
(574, '06498017', 23, 'Pembangunan Penyediaan Air Tanah untuk Air Baku pada Daerah Kekeringan di Kec. Darussalam Kab. Aceh Besar;Kab. Aceh Besar;Aceh;1 titik; m3/detik;F;S;SYC', 'pembangunan-penyediaan-air-tanah-untuk-air-baku-pada-daerah-kekeringan-di-kec-darussalam-kab-aceh-besar;kab-aceh-besar;aceh;1-titik;-m3-detik;f;s;syc', '1.0000', '', '491', '0.0000', 'lt/dt', '002', '200000000.00', '200000000.00', NULL, '70.00', 2019, NULL, NULL),
(575, '06498637', 22, 'Pembangunan Tampungan Air Hujan pada Daerah Kekeringan di Desa Pune Kec. Galela Kab. Halmahera Utara', 'pembangunan-tampungan-air-hujan-pada-daerah-kekeringan-di-desa-pune-kec-galela-kab-halmahera-utara', '1.0000', '', '047', '0.0000', 'lt/dt', '003', '419966000.00', '419966000.00', NULL, '70.00', 2019, NULL, NULL),
(576, '06498297', 41, 'Rehabilitasi Penyediaan Air Tanah untuk Air Baku di Kab.Donggala;Kab. Donggala;Sulawesi Tengah;1 titik; m3/detik;F;K;SYC', 'rehabilitasi-penyediaan-air-tanah-untuk-air-baku-di-kabdonggala;kab-donggala;sulawesi-tengah;1-titik;-m3-detik;f;k;syc', '1.0000', '', '491', '0.0000', 'lt/dt', '007', '7600000000.00', '7600000000.00', NULL, '70.00', 2019, NULL, NULL),
(577, '06498027', 45, 'Pengadaan Perlengkapan dan Jaringan Air Tanah untuk Air Baku Pada Daerah Kekeringan di Kab. Tapanuli Selatan;Sumatera Utara;1 Unit; 1 Unit ;F;K;SYC', 'pengadaan-perlengkapan-dan-jaringan-air-tanah-untuk-air-baku-pada-daerah-kekeringan-di-kab-tapanuli-selatan;sumatera-utara;1-unit;-1-unit-;f;k;syc', '1.0000', '', '505', '0.0000', 'lt/dt', '002', '200000000.00', '200000000.00', NULL, '70.00', 2019, NULL, NULL),
(578, '06498027', 46, 'Pembangunan Penyediaan Air Tanah untuk Air Baku pada Daerah Kekeringan di Desa Karang Anyar Dusun IV Kec. Secanggang Kab. Langkat;F;K;SYC', 'pembangunan-penyediaan-air-tanah-untuk-air-baku-pada-daerah-kekeringan-di-desa-karang-anyar-dusun-iv-kec-secanggang-kab-langkat;f;k;syc', '0.0000', '', '177', '0.0000', 'lt/dt', '002', '200000000.00', '200000000.00', NULL, '70.00', 2019, NULL, NULL),
(579, '06498145', 35, 'Penyempurnaan Balokang Patrol;Kota Banjar;Jawa Barat;0;;F;K;SYC', 'penyempurnaan-balokang-patrol;kota-banjar;jawa-barat;0;;f;k;syc', '0.0000', '', '177', '0.0000', 'lt/dt', '004', '906325000.00', '906325000.00', NULL, '70.00', 2019, NULL, NULL),
(580, '06498187', 45, 'Pengadaan, Pemasangan Perlengkapan dan Jaringan Air Tanah Untuk Air Baku Pada Daerah Kekeringan Di Desa Kuwon Kecamatan Karas Kabupaten Magetan (Swakelola);Kab. Magetan;Jawa Timur;1 titik; m3/detik;F;', 'pengadaan-pemasangan-perlengkapan-dan-jaringan-air-tanah-untuk-air-baku-pada-daerah-kekeringan-di-desa-kuwon-kecamatan-karas-kabupaten-magetan-(swakelola);kab-magetan;jawa-timur;1-titik;-m3-detik;f;', '1.0000', '', '491', '0.0000', 'lt/dt', '002', '200000000.00', '200000000.00', NULL, '70.00', 2019, NULL, NULL),
(581, '06498187', 46, 'Pengadaan, Pemasangan Perlengkapan dan Jaringan Air Tanah Untuk Air Baku Pada Daerah Kekeringan Di Desa Kebondalem Lor Kecamatan Prambanan Kabupaten Klaten (Swakelola);Kab. Klaten;Jawa Tengah;1 titik;', 'pengadaan-pemasangan-perlengkapan-dan-jaringan-air-tanah-untuk-air-baku-pada-daerah-kekeringan-di-desa-kebondalem-lor-kecamatan-prambanan-kabupaten-klaten-(swakelola);kab-klaten;jawa-tengah;1-titik;', '1.0000', '', '491', '0.0000', 'lt/dt', '002', '200000000.00', '200000000.00', NULL, '70.00', 2019, NULL, NULL),
(582, '06498187', 47, 'Pengadaan, Pemasangan Perlengkapan dan Jaringan Air Tanah Untuk Air Baku Pada Daerah Kekeringan Di Desa Socokangsi Kecamatan Jatinom Kabupaten Klaten (Swakelola);Kab. Klaten;Jawa Tengah;1 titik;m3/det', 'pengadaan-pemasangan-perlengkapan-dan-jaringan-air-tanah-untuk-air-baku-pada-daerah-kekeringan-di-desa-socokangsi-kecamatan-jatinom-kabupaten-klaten-(swakelola);kab-klaten;jawa-tengah;1-titik;m3-det', '1.0000', '', '491', '0.0000', 'lt/dt', '002', '200000000.00', '200000000.00', NULL, '70.00', 2019, NULL, NULL),
(583, '06633951', 60, 'DED Air Tanah untuk Air Baku Kab. Kep. Sangihe', 'ded-air-tanah-untuk-air-baku-kab-kep-sangihe', '1.0000', '', '075', '0.0000', 'lt/dt', '001', '922140000.00', '922140000.00', NULL, '70.00', 2019, NULL, NULL),
(584, '06498237', 36, 'Pembangunan Prasarana Air Baku Sumur Dalam Kecamatan Muara Badak Kabupaten Kutai Kertanegara Provinsi Kalimantan Timur;1 titik; 0,01 m3/detik;F;K;SYC', 'pembangunan-prasarana-air-baku-sumur-dalam-kecamatan-muara-badak-kabupaten-kutai-kertanegara-provinsi-kalimantan-timur;1-titik;-001-m3-detik;f;k;syc', '1.0000', '', '491', '0.0100', 'lt/dt', '002', '2362853000.00', '2362853000.00', '2352413000.00', '99.56', 2019, NULL, '2019-11-06 00:28:23'),
(585, '06498237', 37, 'Pembangunan Penyediaan Air Baku Pada Daerah Kekeringan Di Provinsi Kalimantan Timur; 3 titik; 0,003 m3/detik;F;K;SYC', 'pembangunan-penyediaan-air-baku-pada-daerah-kekeringan-di-provinsi-kalimantan-timur;-3-titik;-0003-m3-detik;f;k;syc', '3.0000', '', '491', '0.0030', 'lt/dt', '002', '4221857000.00', '4221857000.00', '3307357000.00', '78.88', 2019, NULL, '2019-11-06 00:28:59'),
(586, '06498067', 30, 'Pembangunan Prasarana Pengambilan Air Tanah Untuk Air Baku (8 Lokasi) di Kab. Batanghari;Kab. Batang Hari;Jambi;8 titik; m3/detik;F;K;SYC', 'pembangunan-prasarana-pengambilan-air-tanah-untuk-air-baku-(8-lokasi)-di-kab-batanghari;kab-batang-hari;jambi;8-titik;-m3-detik;f;k;syc', '8.0000', '', '491', '0.0000', 'lt/dt', '002', '9500000000.00', '9500000000.00', NULL, '70.00', 2019, NULL, NULL),
(587, '06498017', 24, 'Pengadaan dan Pemasangan Pompa Air Tenaga Surya (PATS) di Kec. Darussalam Kab. Aceh Besar;Kab. Aceh Besar;Aceh;0 titik; m3/detik;NF;K;SYC', 'pengadaan-dan-pemasangan-pompa-air-tenaga-surya-(pats)-di-kec-darussalam-kab-aceh-besar;kab-aceh-besar;aceh;0-titik;-m3-detik;nf;k;syc', '0.0000', '', '491', '0.0000', 'lt/dt', '002', '200000000.00', '200000000.00', NULL, '70.00', 2019, NULL, NULL),
(588, '06498017', 25, 'Pembangunan Penyediaan Air Tanah untuk Air Baku pada Daerah Kekeringan di Kec. Montasik Kab. Aceh Besar;Kab. Aceh Besar;Aceh;1 titik; m3/detik;F;S;SYC', 'pembangunan-penyediaan-air-tanah-untuk-air-baku-pada-daerah-kekeringan-di-kec-montasik-kab-aceh-besar;kab-aceh-besar;aceh;1-titik;-m3-detik;f;s;syc', '1.0000', '', '491', '0.0000', 'lt/dt', '002', '200000000.00', '200000000.00', NULL, '70.00', 2019, NULL, NULL),
(589, '06498039', 62, 'Pembangunan JIAT Kab. Agam;Kab. Agam;Sumatera Barat;3.4 km; m3/detik;F;K;SYC', 'pembangunan-jiat-kab-agam;kab-agam;sumatera-barat;34-km;-m3-detik;f;k;syc', '3.4000', '', '177', '0.0000', 'lt/dt', '005', '4026454000.00', '4026454000.00', NULL, '70.00', 2019, NULL, NULL),
(590, '06498067', 31, 'Konsultan Supervisi Pembangunan Prasarana Pengambilan Air Tanah Untuk Air Baku (8 Lokasi) di Kab. Batanghari;Kab. Batang Hari;Jambi;0;;NF;K;SYC', 'konsultan-supervisi-pembangunan-prasarana-pengambilan-air-tanah-untuk-air-baku-(8-lokasi)-di-kab-batanghari;kab-batang-hari;jambi;0;;nf;k;syc', '0.0000', '', '491', '0.0000', 'lt/dt', '002', '500000000.00', '500000000.00', NULL, '70.00', 2019, NULL, NULL),
(591, '06498317', 24, 'Rehabilitasi JIAT tersebar di kec Tinanggea, Palangga dan Basala Kab. Konawe Selatan Provinsi Sulawesi Tenggara', 'rehabilitasi-jiat-tersebar-di-kec-tinanggea-palangga-dan-basala-kab-konawe-selatan-provinsi-sulawesi-tenggara', '1.5000', '', '177', '0.0000', 'lt/dt', '010', '1638067000.00', '1638067000.00', '897147000.00', '59.28', 2019, NULL, '2019-11-06 01:54:20'),
(592, '06498317', 25, 'Administrasi Kegiatan PPK Air Tanah dan Air Baku- II', 'administrasi-kegiatan-ppk-air-tanah-dan-air-baku-ii', '0.0000', '', '216', '0.0000', 'lt/dt', '970', '500000000.00', '500000000.00', '316999000.00', '57.22', 2019, NULL, '2019-11-06 01:54:42'),
(593, '06498317', 26, 'Administrasi Kegiatan PPK Air Tanah dan Air Baku- I', 'administrasi-kegiatan-ppk-air-tanah-dan-air-baku-i', '1.0000', '', '216', '0.0000', 'lt/dt', '970', '550000000.00', '550000000.00', '345867000.00', '62.88', 2019, NULL, '2019-11-06 01:54:59'),
(594, '06498637', 23, 'Pembangunan Tampungan Air Hujan pada Daerah Kekeringan di Desa Hidayat Kec. Bacan Kab. Halmahera Selatan', 'pembangunan-tampungan-air-hujan-pada-daerah-kekeringan-di-desa-hidayat-kec-bacan-kab-halmahera-selatan', '1.0000', '', '047', '0.0000', 'lt/dt', '003', '363039000.00', '363039000.00', NULL, '70.00', 2019, NULL, NULL),
(595, '06498637', 24, 'Supervisi Pembangunan Sumur Air Tanah untuk Air Baku di Kec. Morotai Selatan Barat Kab. Pulau Morotai', 'supervisi-pembangunan-sumur-air-tanah-untuk-air-baku-di-kec-morotai-selatan-barat-kab-pulau-morotai', '1.0000', '', '215', '0.0000', 'lt/dt', '002', '500000000.00', '500000000.00', NULL, '70.00', 2019, NULL, NULL),
(596, '06498637', 25, 'Supervisi Pembangunan Unit Air Baku Morotai Jaya dan Morotai Utara', 'supervisi-pembangunan-unit-air-baku-morotai-jaya-dan-morotai-utara', '1.0000', '', '215', '0.0000', 'lt/dt', '004', '1000000000.00', '1000000000.00', NULL, '70.00', 2019, NULL, NULL),
(597, '06498248', 26, 'Pengadaan Perlengkapan dan Jaringan Air Tanah untuk Air Baku pada Daerah Kekeringan di DesaTianyar Barat  Kec. Kubu Kab. Karangasem;Kab.Karangasem Bali;0 titik; 0 m3/detik;F;K;SYC', 'pengadaan-perlengkapan-dan-jaringan-air-tanah-untuk-air-baku-pada-daerah-kekeringan-di-desatianyar-barat-kec-kubu-kab-karangasem;kabkarangasem-bali;0-titik;-0-m3-detik;f;k;syc', '0.0000', '', '491', '0.0000', 'lt/dt', '002', '200000000.00', '200000000.00', NULL, '70.00', 2019, NULL, NULL),
(598, '06498248', 27, 'Pengadaan Perlengkapan dan Jaringan Air Tanah untuk Air Baku pada Daerah Kekeringan di Desa Pengumbahan Kec.Gerokgak Kab. Buleleng;Kab. Buleleng;Bali;1 titik; 0,0001 m3/detik;F;K;SYC', 'pengadaan-perlengkapan-dan-jaringan-air-tanah-untuk-air-baku-pada-daerah-kekeringan-di-desa-pengumbahan-kecgerokgak-kab-buleleng;kab-buleleng;bali;1-titik;-00001-m3-detik;f;k;syc', '1.0000', '', '491', '0.0000', 'lt/dt', '002', '200000000.00', '200000000.00', NULL, '70.00', 2019, NULL, NULL),
(599, '06498248', 28, 'Pengadaan Perlengkapan dan Jaringan Air Tanah untuk Air Baku pada Daerah Kekeringan di Desa Selat Kec.Sukasada Kab. Buleleng;Kab. Buleleng;Bali;1 titik; 0,0001 m3/detik;F;K;SYC', 'pengadaan-perlengkapan-dan-jaringan-air-tanah-untuk-air-baku-pada-daerah-kekeringan-di-desa-selat-kecsukasada-kab-buleleng;kab-buleleng;bali;1-titik;-00001-m3-detik;f;k;syc', '1.0000', '', '491', '0.0000', 'lt/dt', '002', '200000000.00', '200000000.00', NULL, '70.00', 2019, NULL, NULL),
(600, '06498248', 29, 'Pemboran Air Tanah untuk Air Baku pada Daerah Kekeringan di Desa Batu Meyeh Kec.Kubu Kab. Karangasem;Kab. Karangasem;Bali;1 titik; 0,0001 m3/detik;F;K;SYC', 'pemboran-air-tanah-untuk-air-baku-pada-daerah-kekeringan-di-desa-batu-meyeh-keckubu-kab-karangasem;kab-karangasem;bali;1-titik;-00001-m3-detik;f;k;syc', '1.0000', '', '491', '0.0000', 'lt/dt', '002', '200000000.00', '200000000.00', NULL, '70.00', 2019, NULL, NULL),
(601, '06498248', 30, 'Pengadaan Perlengkapan dan Jaringan Air Tanah untuk Air Baku pada Daerah Kekeringan di Desa Musi Kec.Gerokgak Kab. Buleleng;Kab. Buleleng;Bali;1 titik; 0,0001 m3/detik;F;K;SYC', 'pengadaan-perlengkapan-dan-jaringan-air-tanah-untuk-air-baku-pada-daerah-kekeringan-di-desa-musi-kecgerokgak-kab-buleleng;kab-buleleng;bali;1-titik;-00001-m3-detik;f;k;syc', '1.0000', '', '491', '0.0000', 'lt/dt', '002', '200000000.00', '200000000.00', NULL, '70.00', 2019, NULL, NULL),
(602, '06498248', 31, 'Pemboran Sumur Eksplorasi/ Uji Tersebar di Provinsi Bali; Tersebar;BALI;5 Titik;5 titik;F;K;SY', 'pemboran-sumur-eksplorasi-uji-tersebar-di-provinsi-bali;-tersebar;bali;5-titik;5-titik;f;k;sy', '5.0000', '', '491', '5.0000', 'lt/dt', '005', '2561810000.00', '2561810000.00', NULL, '70.00', 2019, NULL, NULL),
(603, '06498027', 47, 'Pengadaan Perlengkapan dan Jaringan Air Tanah untuk Air Baku pada Daerah Kekeringan di Desa Perkotaan Kec. Secanggang Kab. Langkat; Sumatera Utara;1 Unit; 1 Unit; F;K;SYC', 'pengadaan-perlengkapan-dan-jaringan-air-tanah-untuk-air-baku-pada-daerah-kekeringan-di-desa-perkotaan-kec-secanggang-kab-langkat;-sumatera-utara;1-unit;-1-unit;-f;k;syc', '1.0000', '', '505', '0.0000', 'lt/dt', '002', '200000000.00', '200000000.00', NULL, '70.00', 2019, NULL, NULL),
(604, '06498027', 48, 'Pembangunan Penyediaan Air Tanah untuk Air Baku pada Daerah Kekeringan di Desa Balok Dusun VI Kec. Wampu Kab. Langkat;Sumatera Utara;1 Titik; 0,0015 m3/detik;F;K;SYC', 'pembangunan-penyediaan-air-tanah-untuk-air-baku-pada-daerah-kekeringan-di-desa-balok-dusun-vi-kec-wampu-kab-langkat;sumatera-utara;1-titik;-00015-m3-detik;f;k;syc', '15.0000', '', '177', '0.0000', 'lt/dt', '002', '200000000.00', '200000000.00', NULL, '70.00', 2019, NULL, NULL),
(605, '06498027', 49, 'Pengadaan Perlengkapan dan Jaringan Air Tanah untuk Air Baku pada Daerah Kekeringan di Desa Balok Dusun VI Kec. Wampu Kab. Langkat;Sumatera Utara;1 Unit; 1 Unit; F;K;SYC', 'pengadaan-perlengkapan-dan-jaringan-air-tanah-untuk-air-baku-pada-daerah-kekeringan-di-desa-balok-dusun-vi-kec-wampu-kab-langkat;sumatera-utara;1-unit;-1-unit;-f;k;syc', '1.0000', '', '505', '0.0000', 'lt/dt', '002', '200000000.00', '200000000.00', NULL, '70.00', 2019, NULL, NULL),
(606, '06498027', 50, 'Pembangunan Penyediaan Air Tanah untuk Air Baku pada Daerah Kekeringan di Desa ;Karang Anyar Kec. Secanggang Kab. Langkat; Sumatera Utara;1 Titik; 0,0015 m3/detik;F;K;SYC', 'pembangunan-penyediaan-air-tanah-untuk-air-baku-pada-daerah-kekeringan-di-desa-;karang-anyar-kec-secanggang-kab-langkat;-sumatera-utara;1-titik;-00015-m3-detik;f;k;syc', '2.0000', '', '491', '0.0000', 'lt/dt', '002', '200000000.00', '200000000.00', NULL, '70.00', 2019, NULL, NULL),
(607, '06498027', 51, 'Pengadaan Perlengkapan dan Jaringan Air Tanah untuk Air Baku pada Daerah Kekeringan di Desa Karang Anyar Kec. Secanggang Kab. Langkat;Sumatera Utara; 1 Unit; 1 Unit; NF;K;SYC', 'pengadaan-perlengkapan-dan-jaringan-air-tanah-untuk-air-baku-pada-daerah-kekeringan-di-desa-karang-anyar-kec-secanggang-kab-langkat;sumatera-utara;-1-unit;-1-unit;-nf;k;syc', '2.0000', '', '505', '0.0000', 'lt/dt', '002', '200000000.00', '200000000.00', NULL, '70.00', 2019, NULL, NULL),
(608, '06498039', 63, 'Supervisi Konstruksi Pembangunan JIAT di Kab. Agam;Kab. Agam;Sumatera Barat;0;;NF;K;SYC', 'supervisi-konstruksi-pembangunan-jiat-di-kab-agam;kab-agam;sumatera-barat;0;;nf;k;syc', '1.0000', '', '215', '0.0000', 'lt/dt', '005', '459120000.00', '459120000.00', NULL, '70.00', 2019, NULL, NULL),
(609, '06498167', 52, 'Penyempurnaan dan pembuatan bangunan pelengkap bendung karet jebor Kab. Demak;Kab. Demak;Jawa Tengah;0 km; m3/detik;F;K;SYC', 'penyempurnaan-dan-pembuatan-bangunan-pelengkap-bendung-karet-jebor-kab-demak;kab-demak;jawa-tengah;0-km;-m3-detik;f;k;syc', '0.0001', '', '177', '0.0000', 'lt/dt', '009', '1300000000.00', '1300000000.00', NULL, '70.00', 2019, NULL, NULL),
(610, '06498167', 53, 'Rehabilitasi Jaringan Air Baku Klambu Kudu Paket 2;Kota Semarang;Jawa Tengah;0 km; m3/detik;F;K;MYC', 'rehabilitasi-jaringan-air-baku-klambu-kudu-paket-2;kota-semarang;jawa-tengah;0-km;-m3-detik;f;k;myc', '0.0000', '', '177', '0.0000', 'lt/dt', '009', '71560030000.00', '203022286000.00', NULL, '70.00', 2019, NULL, NULL),
(611, '06633826', 89, 'UKL/UPL Embung Cikalong;Kab. Bandung', 'ukl-upl-embung-cikalong;kab-bandung', '1.0000', '', '075', '0.0000', 'lt/dt', '001', '200000000.00', '200000000.00', NULL, '70.00', 2019, NULL, NULL),
(612, '06498637', 27, 'Layanan Perkantoran', 'layanan-perkantoran', '1.0000', '', '216', '0.0000', 'lt/dt', '970', '600000000.00', '600000000.00', NULL, '70.00', 2019, NULL, NULL),
(613, '06498187', 48, 'Pengadaan, Pemasangan Perlengkapan dan Jaringan Air Tanah Untuk Air Baku Pada Daerah Kekeringan Di Desa Demak Ijo Kecamatan Karangnongko Kabupaten Klaten (Swakelola);Kab. Klaten;Jawa Tengah;1 titik; m', 'pengadaan-pemasangan-perlengkapan-dan-jaringan-air-tanah-untuk-air-baku-pada-daerah-kekeringan-di-desa-demak-ijo-kecamatan-karangnongko-kabupaten-klaten-(swakelola);kab-klaten;jawa-tengah;1-titik;-m', '1.0000', '', '491', '0.0000', 'lt/dt', '002', '200000000.00', '200000000.00', NULL, '70.00', 2019, NULL, NULL),
(614, '06498187', 49, 'Supervisi Pembangunan Prasarana Pengambilan Air Tanah untuk Air Baku di Provinsi Jawa Tengah dan Jawa Timur;Tersebar;Jawa Timur;1 Dokumen; Dokumen;NF;K;SYC', 'supervisi-pembangunan-prasarana-pengambilan-air-tanah-untuk-air-baku-di-provinsi-jawa-tengah-dan-jawa-timur;tersebar;jawa-timur;1-dokumen;-dokumen;nf;k;syc', '1.0000', '', '491', '0.0000', 'lt/dt', '002', '763318000.00', '763318000.00', NULL, '70.00', 2019, NULL, NULL),
(615, '06498067', 32, 'Konsultan Supervisi Pembangunan Prasarana Pengambilan Air Tanah Untuk Air Baku (8 Lokasi) di Kab. Merangin;Kab. Merangin;Jambi;0;;NF;K;SYC', 'konsultan-supervisi-pembangunan-prasarana-pengambilan-air-tanah-untuk-air-baku-(8-lokasi)-di-kab-merangin;kab-merangin;jambi;0;;nf;k;syc', '0.0000', '', '491', '0.0000', 'lt/dt', '002', '500000000.00', '500000000.00', NULL, '70.00', 2019, NULL, NULL),
(616, '06498067', 33, 'Konsultan Supervisi Pembangunan Prasarana Pengambilan Air Tanah Untuk Air Baku (8 Lokasi) di Kab. Muaro Jambi;Kab. Muaro Jambi;Jambi;0;;NF;K;SYC', 'konsultan-supervisi-pembangunan-prasarana-pengambilan-air-tanah-untuk-air-baku-(8-lokasi)-di-kab-muaro-jambi;kab-muaro-jambi;jambi;0;;nf;k;syc', '0.0000', '', '491', '0.0000', 'lt/dt', '002', '500000000.00', '500000000.00', NULL, '70.00', 2019, NULL, NULL),
(617, '06498067', 34, 'Konsultan Supervisi Pembangunan Prasarana Pengambilan Air Tanah Untuk Air Baku (8 Lokasi) di Kab. Tanjung Jabung Barat;Kab. Tanjung Jabung Barat;Jambi;0;;NF;K;SYC', 'konsultan-supervisi-pembangunan-prasarana-pengambilan-air-tanah-untuk-air-baku-(8-lokasi)-di-kab-tanjung-jabung-barat;kab-tanjung-jabung-barat;jambi;0;;nf;k;syc', '0.0000', '', '491', '0.0000', 'lt/dt', '002', '500000000.00', '500000000.00', NULL, '70.00', 2019, NULL, NULL),
(618, '06498187', 50, 'Pembangunan Rumah Pompa, JIAT Perpipaan dan Pengadaan, Pemasangan Mesin Pompa Turbin Vertikal di Kab. Sragen;Kab. Sragen;Jawa Tengah;1 km; Hektar;F;K;SYC', 'pembangunan-rumah-pompa-jiat-perpipaan-dan-pengadaan-pemasangan-mesin-pompa-turbin-vertikal-di-kab-sragen;kab-sragen;jawa-tengah;1-km;-hektar;f;k;syc', '1.0000', '', '177', '0.0000', 'lt/dt', '006', '1253491000.00', '1253491000.00', NULL, '70.00', 2019, NULL, NULL),
(619, '06498187', 51, 'Penggantian, Pemasangan Mesin Pompa Submersible dan Turbine Vertikal di Wilayah Jawa Tengah;Kab. Karanganyar;Jawa Tengah;15 titik; titik;F;K;SYC', 'penggantian-pemasangan-mesin-pompa-submersible-dan-turbine-vertikal-di-wilayah-jawa-tengah;kab-karanganyar;jawa-tengah;15-titik;-titik;f;k;syc', '15.0000', '', '491', '0.0000', 'lt/dt', '010', '9166642000.00', '9166642000.00', NULL, '70.00', 2019, NULL, NULL),
(620, '06498187', 52, 'Pengeboran Ulang (Redrilling) Sumur Produksi Air Tanah di Wilayah Jawa Tengah;Kab. Sragen;Jawa Tengah;15 titik; titik;F;K;SYC', 'pengeboran-ulang-(redrilling)-sumur-produksi-air-tanah-di-wilayah-jawa-tengah;kab-sragen;jawa-tengah;15-titik;-titik;f;k;syc', '15.0000', '', '491', '0.0000', 'lt/dt', '010', '4007715000.00', '4007715000.00', NULL, '70.00', 2019, NULL, NULL),
(621, '06498187', 53, 'Supervisi Pengeboran Ulang (Redrilling) Sumur Produksi Air Tanah di Wilayah Jawa Tengah;Tersebar;Jawa Tengah;1 Dokumen; Dokumen;NF;K;SYC', 'supervisi-pengeboran-ulang-(redrilling)-sumur-produksi-air-tanah-di-wilayah-jawa-tengah;tersebar;jawa-tengah;1-dokumen;-dokumen;nf;k;syc', '1.0000', '', '491', '0.0000', 'lt/dt', '010', '760450000.00', '760450000.00', NULL, '70.00', 2019, NULL, NULL),
(622, '06498017', 26, 'Pengadaan dan Pemasangan Pompa Air Tenaga Surya (PATS) di Kec. Montasik Kab. Aceh Besar;Kab. Aceh Besar;Aceh;0 titik; m3/detik;NF;K;SYC', 'pengadaan-dan-pemasangan-pompa-air-tenaga-surya-(pats)-di-kec-montasik-kab-aceh-besar;kab-aceh-besar;aceh;0-titik;-m3-detik;nf;k;syc', '0.0000', '', '491', '0.0000', 'lt/dt', '002', '200000000.00', '200000000.00', NULL, '70.00', 2019, NULL, NULL),
(623, '06498017', 27, 'Pembangunan Penyediaan Air Tanah untuk Air Baku pada Daerah Kekeringan di Kec. Peusangan Selatan Kab. Bireuen;Kab. Bireuen;Aceh;1 titik; m3/detik;F;S;SYC', 'pembangunan-penyediaan-air-tanah-untuk-air-baku-pada-daerah-kekeringan-di-kec-peusangan-selatan-kab-bireuen;kab-bireuen;aceh;1-titik;-m3-detik;f;s;syc', '1.0000', '', '491', '0.0000', 'lt/dt', '002', '200000000.00', '200000000.00', NULL, '70.00', 2019, NULL, NULL),
(624, '06498017', 28, 'Pengadaan dan Pemasangan Pompa Air Tenaga Surya (PATS) di Kec. Peusangan Selatan Kab. Bireuen;Kab. Bireuen;Aceh;0 titik; m3/detik;NF;K;SYC', 'pengadaan-dan-pemasangan-pompa-air-tenaga-surya-(pats)-di-kec-peusangan-selatan-kab-bireuen;kab-bireuen;aceh;0-titik;-m3-detik;nf;k;syc', '0.0000', '', '491', '0.0000', 'lt/dt', '002', '200000000.00', '200000000.00', NULL, '70.00', 2019, NULL, NULL),
(625, '06498017', 29, 'Pembangunan Penyediaan Air Tanah untuk Air Baku pada Daerah Kekeringan di Kec. Makmur Kab. Bireuen;Kab. Bireuen;Aceh;1 titik; m3/detik;F;S;SYC', 'pembangunan-penyediaan-air-tanah-untuk-air-baku-pada-daerah-kekeringan-di-kec-makmur-kab-bireuen;kab-bireuen;aceh;1-titik;-m3-detik;f;s;syc', '1.0000', '', '491', '0.0000', 'lt/dt', '002', '200000000.00', '200000000.00', NULL, '70.00', 2019, NULL, NULL),
(626, '06255163', 54, 'Detail Desain Penyediaan Air Tanah di Kabupaten Jayawijaya dan Kabupaten Mappi;Tersebar;Papua;1 Dokumen; Dokumen;NF;K;SYC', 'detail-desain-penyediaan-air-tanah-di-kabupaten-jayawijaya-dan-kabupaten-mappi;tersebar;papua;1-dokumen;-dokumen;nf;k;syc', '1.0000', '', '075', '0.0000', 'lt/dt', '001', '2000000000.00', '2000000000.00', NULL, '70.00', 2019, NULL, NULL),
(627, '06633744', 54, 'Review Desain Embung Sebayar', 'review-desain-embung-sebayar', '1.0000', '', '075', '0.0000', 'lt/dt', '001', '1000000000.00', '1000000000.00', NULL, '70.00', 2019, NULL, NULL),
(628, '06498098', 30, 'Pembangunan Penyediaan Air Tanah untuk Air Baku pada daerah rawan air / kekeringan di Desa Batu Betumpang Kab. Bangka Selatan;Kab. Bangka Selatan;Kepulauan Bangka Belitung;0 titik; m3/detik;F;K;SYC', 'pembangunan-penyediaan-air-tanah-untuk-air-baku-pada-daerah-rawan-air--kekeringan-di-desa-batu-betumpang-kab-bangka-selatan;kab-bangka-selatan;kepulauan-bangka-belitung;0-titik;-m3-detik;f;k;syc', '0.0001', '', '491', '0.0000', 'lt/dt', '002', '200000000.00', '200000000.00', NULL, '70.00', 2019, NULL, NULL),
(629, '06498017', 30, 'Pengadaan dan Pemasangan Pompa Air Tenaga Surya (PATS) di Kec. Makmur Kab. Bireuen;Kab. Bireuen;Aceh;0 titik; m3/detik;NF;K;SYC', 'pengadaan-dan-pemasangan-pompa-air-tenaga-surya-(pats)-di-kec-makmur-kab-bireuen;kab-bireuen;aceh;0-titik;-m3-detik;nf;k;syc', '0.0000', '', '491', '0.0000', 'lt/dt', '002', '200000000.00', '200000000.00', NULL, '70.00', 2019, NULL, NULL);
INSERT INTO `paket` (`id`, `kdsatker`, `urutpkt`, `nmpaket`, `slug`, `trgoutput`, `capaiOutput`, `satoutput`, `trgoutcome`, `satoutcome`, `kdoutput`, `pagurmp`, `pagurmawal`, `keuangan`, `progres_fisik`, `TahunFisik`, `created_at`, `updated_at`) VALUES
(630, '06498017', 31, 'Pembangunan Penyediaan Air Tanah untuk Air Baku pada Daerah Kekeringan di Kec. Peusangan Siblah Krueng Kab. Bireuen;Kab. Bireuen;Aceh;1 titik; m3/detik;F;S;SYC', 'pembangunan-penyediaan-air-tanah-untuk-air-baku-pada-daerah-kekeringan-di-kec-peusangan-siblah-krueng-kab-bireuen;kab-bireuen;aceh;1-titik;-m3-detik;f;s;syc', '1.0000', '', '491', '0.0000', 'lt/dt', '002', '200000000.00', '200000000.00', NULL, '70.00', 2019, NULL, NULL),
(631, '06498017', 32, 'Pengadaan dan Pemasangan Pompa Air Tenaga Surya (PATS) di Kec. Peusangan Siblah Krueng Kab. Bireuen;Kab. Bireuen;Aceh;0 titik; m3/detik;NF;K;SYC', 'pengadaan-dan-pemasangan-pompa-air-tenaga-surya-(pats)-di-kec-peusangan-siblah-krueng-kab-bireuen;kab-bireuen;aceh;0-titik;-m3-detik;nf;k;syc', '0.0000', '', '491', '0.0000', 'lt/dt', '002', '200000000.00', '200000000.00', NULL, '70.00', 2019, NULL, NULL),
(632, '06498017', 33, 'Pengadaan Pompa Air Tenaga Surya di Kab. Aceh Besar, Kab.Bireun, Kab.Aceh Timur;Tersebar;Aceh;0 titik; m3/detik;NF;K;SYC', 'pengadaan-pompa-air-tenaga-surya-di-kab-aceh-besar-kabbireun-kabaceh-timur;tersebar;aceh;0-titik;-m3-detik;nf;k;syc', '0.0000', '', '491', '0.0000', 'lt/dt', '002', '1401422000.00', '1401422000.00', NULL, '70.00', 2019, NULL, NULL),
(633, '06498237', 38, 'Pembangunan Sumur Uji Produksi Air Baku Pedesaan Kabupaten Paser Provinsi Kalimantan Timur; 1 titik; 0,001 m3/detik;F;K;SYC', 'pembangunan-sumur-uji-produksi-air-baku-pedesaan-kabupaten-paser-provinsi-kalimantan-timur;-1-titik;-0001-m3-detik;f;k;syc', '1.0000', '', '491', '0.0010', 'lt/dt', '002', '1395725000.00', '1395725000.00', '1388120000.00', '99.46', 2019, NULL, '2019-11-06 00:29:55'),
(634, '06498097', 50, 'Pembangunan Tampungan Air Hujan pada Daerah Kekeringan di Desa Talang Rejo Kec. Muara Telang Kab. Banyuasin;Kab. Banyu Asin;Sumatera Selatan;1 buah; m3/detik;F;K;SYC', 'pembangunan-tampungan-air-hujan-pada-daerah-kekeringan-di-desa-talang-rejo-kec-muara-telang-kab-banyuasin;kab-banyu-asin;sumatera-selatan;1-buah;-m3-detik;f;k;syc', '1.0000', '', '047', '0.0000', 'lt/dt', '003', '450000000.00', '450000000.00', NULL, '70.00', 2019, NULL, NULL),
(635, '06498167', 54, 'Rehabilitasi Jaringan Air Baku Klambu Kudu (MYC SBSN) Paket 1;Kab. Grobogan;Jawa Tengah;0 km; m3/detik;F;K;MYC', 'rehabilitasi-jaringan-air-baku-klambu-kudu-(myc-sbsn)-paket-1;kab-grobogan;jawa-tengah;0-km;-m3-detik;f;k;myc', '5.0000', '', '177', '0.0000', 'lt/dt', '009', '70272522000.00', '200161156000.00', NULL, '70.00', 2019, NULL, NULL),
(636, '06498031', 22, 'Administrasi Kegiatan Air Tanah dan Air Baku;Kota Jakarta Timur;DKI Jakarta;1 Dokumen;Dokumen;NF;AU;SYC', 'administrasi-kegiatan-air-tanah-dan-air-baku;kota-jakarta-timur;dki-jakarta;1-dokumen;dokumen;nf;au;syc', '1.0000', '', '075', '0.0000', 'lt/dt', '970', '520000000.00', '520000000.00', NULL, '70.00', 2019, NULL, NULL),
(637, '06498031', 23, 'Pembangunan Penyediaan Air Tanah untuk Air Baku pada Daerah Kekeringan di Kabupaten Bogor;Kab. Bogor;Jawa Barat;1 titik;m3/detik;F;S;SYC', 'pembangunan-penyediaan-air-tanah-untuk-air-baku-pada-daerah-kekeringan-di-kabupaten-bogor;kab-bogor;jawa-barat;1-titik;m3-detik;f;s;syc', '1.0000', '', '491', '0.0000', 'lt/dt', '002', '315891000.00', '315891000.00', NULL, '70.00', 2019, NULL, NULL),
(638, '06498187', 54, 'Rehabilitasi Rumah Pompa dan JIAT Perpipaan di Wilayah Jawa Tengah;Kab. Sragen;Jawa Tengah;10.5 km; Hektar;F;K;SYC', 'rehabilitasi-rumah-pompa-dan-jiat-perpipaan-di-wilayah-jawa-tengah;kab-sragen;jawa-tengah;105-km;-hektar;f;k;syc', '10.5000', '', '177', '0.0000', 'lt/dt', '011', '8411350000.00', '8411350000.00', NULL, '70.00', 2019, NULL, NULL),
(639, '06498237', 39, 'Supervisi Pembangunan Prasarana Air Baku Sumur Dalam Kecamatan Muara Badak Kabupaten Kutai Kertanegara Provinsi Kalimantan Timur;Kalimantan Timur; 1 Dokumen; 1 Dokumen;NF;K;SYC', 'supervisi-pembangunan-prasarana-air-baku-sumur-dalam-kecamatan-muara-badak-kabupaten-kutai-kertanegara-provinsi-kalimantan-timur;kalimantan-timur;-1-dokumen;-1-dokumen;nf;k;syc', '1.0000', '', '075', '0.0000', 'lt/dt', '002', '293805000.00', '293805000.00', '289005000.00', '99.38', 2019, NULL, '2019-11-06 00:30:48'),
(640, '06498237', 40, 'Supervisi Pembangunan Penyediaan Air Baku Pada Daerah Kekeringan Di Provinsi Kalimantan Timur; 1 Dokumen; 1 Dokumen;NF;K;SYC', 'supervisi-pembangunan-penyediaan-air-baku-pada-daerah-kekeringan-di-provinsi-kalimantan-timur;-1-dokumen;-1-dokumen;nf;k;syc', '1.0000', '', '075', '0.0000', 'lt/dt', '002', '495239000.00', '495239000.00', '384524000.00', '81.60', 2019, NULL, '2019-11-05 01:12:35'),
(641, '06498257', 48, 'Pembangunan JIAT dan Fasilitas Lainnya di Kabupaten Lombok Timur dan Kabupaten Lombok Utara ;Kab. Lombok Timur;Nusa Tenggara Barat;9 km; Hektar;F;K;SYC', 'pembangunan-jiat-dan-fasilitas-lainnya-di-kabupaten-lombok-timur-dan-kabupaten-lombok-utara-;kab-lombok-timur;nusa-tenggara-barat;9-km;-hektar;f;k;syc', '1.0000', '', '177', '0.0000', 'lt/dt', '006', '13268119000.00', '13268119000.00', NULL, '70.00', 2019, NULL, NULL),
(642, '06498257', 49, 'Rehabilitasi JIAT serta Prasarana Pendukung Lainnya Tersebar di Pulau Lombok;Tersebar**;Nusa Tenggara Barat;2 km; Hektar;F;K;SYC', 'rehabilitasi-jiat-serta-prasarana-pendukung-lainnya-tersebar-di-pulau-lombok;tersebar**;nusa-tenggara-barat;2-km;-hektar;f;k;syc', '1.0000', '', '177', '0.0000', 'lt/dt', '011', '3704217000.00', '3704217000.00', NULL, '70.00', 2019, NULL, NULL),
(643, '06498257', 50, 'Rehabilitasi JIAT serta Prasarana Pendukung Lainnya Tersebar di Pulau Sumbawa;Tersebar**;Nusa Tenggara Barat;5 km; Hektar;F;K;SYC', 'rehabilitasi-jiat-serta-prasarana-pendukung-lainnya-tersebar-di-pulau-sumbawa;tersebar**;nusa-tenggara-barat;5-km;-hektar;f;k;syc', '1.0000', '', '177', '0.0000', 'lt/dt', '011', '12111421000.00', '12111421000.00', NULL, '70.00', 2019, NULL, NULL),
(644, '06498248', 33, 'Peningkatan JIAT Perpipaan di Kab. Jembrana;Kab. Jembrana;Bali;2 km; 15 Hektar;F;K;SYC', 'peningkatan-jiat-perpipaan-di-kab-jembrana;kab-jembrana;bali;2-km;-15-hektar;f;k;syc', '2.0000', '', '177', '15.0000', 'lt/dt', '006', '1962026000.00', '1962026000.00', NULL, '70.00', 2019, NULL, NULL),
(645, '06498027', 58, 'Pembangunan Penyediaan Air Tanah untuk Air Baku pada Daerah Kekeringan di Kec. Wampu Kab.Langkat Sumatera Utara;2 Km; 0,0015 m3/detik;F;K;SYC', 'pembangunan-penyediaan-air-tanah-untuk-air-baku-pada-daerah-kekeringan-di-kec-wampu-kablangkat-sumatera-utara;2-km;-00015-m3-detik;f;k;syc', '2.0000', '', '177', '0.0000', 'lt/dt', '002', '200000000.00', '200000000.00', NULL, '70.00', 2019, NULL, NULL),
(646, '06498027', 59, 'Pengadaan Perlengkapan dan Jaringan Air Tanah untuk Air Baku pada Daerah Kekeringan di Kec. Wampu Kab.Langkat; Sumatera Utara;1 Unit; 1 Unit;F;K;SYC', 'pengadaan-perlengkapan-dan-jaringan-air-tanah-untuk-air-baku-pada-daerah-kekeringan-di-kec-wampu-kablangkat;-sumatera-utara;1-unit;-1-unit;f;k;syc', '1.0000', '', '505', '0.0000', 'lt/dt', '002', '200000000.00', '200000000.00', NULL, '70.00', 2019, NULL, NULL),
(647, '06498307', 40, 'Pengadaan Perlengkapan dan Jaringan Air Tanah Untuk Air Baku Pada Daerah Kekeringan;Kab. Bantaeng;Sulawesi Selatan;0 titik; titik;NF;S;SYC', 'pengadaan-perlengkapan-dan-jaringan-air-tanah-untuk-air-baku-pada-daerah-kekeringan;kab-bantaeng;sulawesi-selatan;0-titik;-titik;nf;s;syc', '0.0000', '', '491', '0.0000', 'lt/dt', '002', '200000000.00', '200000000.00', '199717000.00', '100.00', 2019, NULL, '2019-11-06 02:21:32'),
(648, '06498307', 42, 'Pengadaan Perlengkapan dan Jaringan Air Tanah untuk Air Baku pada Daerah Kekeringan di Desa Lalebata Kec. Panca Rijang Kab. Sidrap;Kab. Sidenreng Rappang;Sulawesi Selatan;0 titik; m3/detik;F;S;SYC', 'pengadaan-perlengkapan-dan-jaringan-air-tanah-untuk-air-baku-pada-daerah-kekeringan-di-desa-lalebata-kec-panca-rijang-kab-sidrap;kab-sidenreng-rappang;sulawesi-selatan;0-titik;-m3-detik;f;s;syc', '0.0000', '', '491', '0.0000', 'lt/dt', '002', '200000000.00', '200000000.00', '199072000.00', '100.00', 2019, NULL, '2019-11-06 02:27:48'),
(649, '06498307', 44, 'Pengadaan Perlengkapan dan Jaringan Air Tanah untuk Air Baku pada Daerah Kekeringan di Desa Baloli Kec. Masamba Kab. Luwu Utara;Kab. Luwu Utara;Sulawesi Selatan;0 titik; m3/detik;F;S;SYC', 'pengadaan-perlengkapan-dan-jaringan-air-tanah-untuk-air-baku-pada-daerah-kekeringan-di-desa-baloli-kec-masamba-kab-luwu-utara;kab-luwu-utara;sulawesi-selatan;0-titik;-m3-detik;f;s;syc', '0.0000', '', '491', '0.0000', 'lt/dt', '002', '200000000.00', '200000000.00', '199072000.00', '100.00', 2019, NULL, '2019-11-06 02:23:46'),
(650, '06498307', 46, 'Pengadaan Perlengkapan dan Jaringan Air Tanah untuk Air Baku pada Daerah Kekeringan di Desa Lembang Kaero Kec. Sangalla Kab. Tanatoraja;Kab. Tana Toraja;Sulawesi Selatan;0 titik; m3/detik;F;S;SYC', 'pengadaan-perlengkapan-dan-jaringan-air-tanah-untuk-air-baku-pada-daerah-kekeringan-di-desa-lembang-kaero-kec-sangalla-kab-tanatoraja;kab-tana-toraja;sulawesi-selatan;0-titik;-m3-detik;f;s;syc', '0.0000', '', '491', '0.0000', 'lt/dt', '002', '200000000.00', '200000000.00', '199339000.00', '100.00', 2019, NULL, '2019-11-06 02:24:16'),
(651, '06498162', 49, 'Pengadaan Perlengkapan dan Jaringan Air Tanah untuk Air Baku pada Daerah Kekeringan di Desa Sarwadadi Kec. Talun Kab. Cirebon;Kab. Cirebon;Jawa Barat;0 titik; m3/detik;NF;S;SYC', 'pengadaan-perlengkapan-dan-jaringan-air-tanah-untuk-air-baku-pada-daerah-kekeringan-di-desa-sarwadadi-kec-talun-kab-cirebon;kab-cirebon;jawa-barat;0-titik;-m3-detik;nf;s;syc', '0.0000', '', '491', '0.0000', 'lt/dt', '002', '200000000.00', '200000000.00', NULL, '70.00', 2019, NULL, NULL),
(652, '06498162', 50, 'Pembangunan Penyediaan Air Tanah untuk Air Baku pada Daerah Kekeringan di Desa Palasah Kec. Kertajati Kab. Majalengka;Kab. Majalengka;Jawa Barat;0 titik; m3/detik;NF;S;SYC', 'pembangunan-penyediaan-air-tanah-untuk-air-baku-pada-daerah-kekeringan-di-desa-palasah-kec-kertajati-kab-majalengka;kab-majalengka;jawa-barat;0-titik;-m3-detik;nf;s;syc', '1.0000', '', '491', '0.0000', 'lt/dt', '002', '200000000.00', '200000000.00', NULL, '70.00', 2019, NULL, NULL),
(653, '06498162', 51, 'Pengadaan Perlengkapan dan Jaringan Air Tanah untuk Air Baku pada Daerah Kekeringan di Desa Palasah Kec. Kertajati Kab. Majalengka;Kab. Majalengka;Jawa Barat;0 titik; m3/detik;NF;S;SYC', 'pengadaan-perlengkapan-dan-jaringan-air-tanah-untuk-air-baku-pada-daerah-kekeringan-di-desa-palasah-kec-kertajati-kab-majalengka;kab-majalengka;jawa-barat;0-titik;-m3-detik;nf;s;syc', '0.0000', '', '491', '0.0000', 'lt/dt', '002', '200000000.00', '200000000.00', NULL, '70.00', 2019, NULL, NULL),
(654, '06498162', 52, 'Pembangunan Penyediaan Air Tanah untuk Air Baku pada Daerah Kekeringan di Kab. Kuningan;Kab. Kuningan;Jawa Barat;0 titik; m3/detik;NF;S;SYC', 'pembangunan-penyediaan-air-tanah-untuk-air-baku-pada-daerah-kekeringan-di-kab-kuningan;kab-kuningan;jawa-barat;0-titik;-m3-detik;nf;s;syc', '1.0000', '', '491', '0.0000', 'lt/dt', '002', '200000000.00', '200000000.00', NULL, '70.00', 2019, NULL, NULL),
(655, '06498162', 53, 'Pengadaan Perlengkapan dan Jaringan Air Tanah untuk Air Baku pada Daerah Kekeringan di Kab. Kuningan;Kab. Kuningan;Jawa Barat;0 titik; m3/detik;NF;S;SYC', 'pengadaan-perlengkapan-dan-jaringan-air-tanah-untuk-air-baku-pada-daerah-kekeringan-di-kab-kuningan;kab-kuningan;jawa-barat;0-titik;-m3-detik;nf;s;syc', '0.0000', '', '491', '0.0000', 'lt/dt', '002', '200000000.00', '200000000.00', NULL, '70.00', 2019, NULL, NULL),
(656, '06498217', 28, 'Supervisi Pembangunan Penyediaan Sarana Air Baku Kabupaten Tabalong (Intake Belimbing) dan Jaringan Pipa Transmisi;Kab. Tabalong;Kalimantan Selatan;0 km; Hektar;NF;K;SYC', 'supervisi-pembangunan-penyediaan-sarana-air-baku-kabupaten-tabalong-(intake-belimbing)-dan-jaringan-pipa-transmisi;kab-tabalong;kalimantan-selatan;0-km;-hektar;nf;k;syc', '1.0000', '', '177', '0.0000', 'lt/dt', '004', '421500000.00', '421500000.00', '219779000.00', '60.81', 2019, NULL, '2019-11-06 00:08:20'),
(657, '06498067', 35, 'Konsultan Supervisi Pembangunan Prasarana Pengambilan Air Tanah Untuk Air Baku (8 Lokasi) di Kab. Tanjung Jabung Timur;Kab. Tanjung Jabung Timur;Jambi;0 titik; m3/detik;NF;K;SYC', 'konsultan-supervisi-pembangunan-prasarana-pengambilan-air-tanah-untuk-air-baku-(8-lokasi)-di-kab-tanjung-jabung-timur;kab-tanjung-jabung-timur;jambi;0-titik;-m3-detik;nf;k;syc', '0.0000', '', '491', '0.0000', 'lt/dt', '002', '500000000.00', '500000000.00', NULL, '70.00', 2019, NULL, NULL),
(658, '06498162', 54, 'Pembangunan Penyediaan Air Tanah untuk Air Baku pada Daerah Kekeringan di Kab. Garut;Kab. Garut;Jawa Barat;0 titik; m3/detik;NF;S;SYC', 'pembangunan-penyediaan-air-tanah-untuk-air-baku-pada-daerah-kekeringan-di-kab-garut;kab-garut;jawa-barat;0-titik;-m3-detik;nf;s;syc', '1.0000', '', '491', '0.0000', 'lt/dt', '002', '200000000.00', '200000000.00', NULL, '70.00', 2019, NULL, NULL),
(659, '06498162', 55, 'Pengadaan Perlengkapan dan Jaringan Air Tanah untuk Air Baku pada Daerah Kekeringan di Kab. Garut;Kab. Garut;Jawa Barat;0 titik; m3/detik;NF;S;SYC', 'pengadaan-perlengkapan-dan-jaringan-air-tanah-untuk-air-baku-pada-daerah-kekeringan-di-kab-garut;kab-garut;jawa-barat;0-titik;-m3-detik;nf;s;syc', '0.0000', '', '491', '0.0000', 'lt/dt', '002', '200000000.00', '200000000.00', NULL, '70.00', 2019, NULL, NULL),
(660, '06498162', 56, 'Administrasi Air Baku dan Air Tanah I;Kota Cirebon;Jawa Barat;1 Layanan; Layanan;NF;AU;SYC', 'administrasi-air-baku-dan-air-tanah-i;kota-cirebon;jawa-barat;1-layanan;-layanan;nf;au;syc', '1.0000', '', '216', '0.0000', 'lt/dt', '970', '525000000.00', '525000000.00', NULL, '70.00', 2019, NULL, NULL),
(661, '06498162', 57, 'Swakelola Survey, Pengukuran dan Dukungan Desain Penyediaan Air Baku;Tersebar;Jawa Barat;0 titik; m3/detik;NF;S;SYC', 'swakelola-survey-pengukuran-dan-dukungan-desain-penyediaan-air-baku;tersebar;jawa-barat;0-titik;-m3-detik;nf;s;syc', '1.0000', '', '491', '0.0000', 'lt/dt', '001', '200000000.00', '200000000.00', NULL, '70.00', 2019, NULL, NULL),
(662, '06498287', 37, 'PROM Air Tanah Di Provinsi Gorontalo (2 Lokasi);Tersebar;Gorontalo;0;;F;S;SYC', 'prom-air-tanah-di-provinsi-gorontalo-(2-lokasi);tersebar;gorontalo;0;;f;s;syc', '0.0000', '', '233', '0.0000', 'lt/dt', '002', '500000000.00', '500000000.00', NULL, '70.00', 2019, NULL, NULL),
(663, '06498287', 38, 'Pembangunan Sumur Explorasi / Produksi dan Prasarana Air Tanah Untuk Air Baku Pada Daerah Lito Kecamatan Paguyaman Kabupaten Gorontalo;Kab. Boalemo;Gorontalo;1 titik; m3/detik;F;S;SYC', 'pembangunan-sumur-explorasi--produksi-dan-prasarana-air-tanah-untuk-air-baku-pada-daerah-lito-kecamatan-paguyaman-kabupaten-gorontalo;kab-boalemo;gorontalo;1-titik;-m3-detik;f;s;syc', '1.0000', '', '491', '0.0000', 'lt/dt', '002', '200000000.00', '200000000.00', NULL, '70.00', 2019, NULL, NULL),
(664, '06498287', 39, 'Pengadaan Perlengkapan dan Jaringan Air Tanah Untuk Air Baku pada Daerah Kekeringan di Desa Lito Kecamatan Paguyaman kabupaten Gorontalo;Kab. Boalemo;Gorontalo;0;;F;S;SYC', 'pengadaan-perlengkapan-dan-jaringan-air-tanah-untuk-air-baku-pada-daerah-kekeringan-di-desa-lito-kecamatan-paguyaman-kabupaten-gorontalo;kab-boalemo;gorontalo;0;;f;s;syc', '1.0000', '', '491', '0.0000', 'lt/dt', '002', '200000000.00', '200000000.00', NULL, '70.00', 2019, NULL, NULL),
(665, '06498287', 40, 'Pembangunan Sumur Explorasi / Produksi dan Prasarana Air Tanah Untuk Air Baku di Kab. Bone Bolango;Kab. Bone Bolango;Gorontalo;2 titik; m3/detik;F;K;SYC', 'pembangunan-sumur-explorasi--produksi-dan-prasarana-air-tanah-untuk-air-baku-di-kab-bone-bolango;kab-bone-bolango;gorontalo;2-titik;-m3-detik;f;k;syc', '2.0000', '', '491', '0.0000', 'lt/dt', '002', '2580000000.00', '2580000000.00', '1099583000.00', '42.62', 2019, NULL, '2019-11-06 01:45:34'),
(666, '06498287', 41, 'Pembangunan Bendung/Intake dan Jaringan Transmisi Air Baku Popayato;Kab. Pohuwato;Gorontalo;18 km;;F;K;SYC', 'pembangunan-bendung-intake-dan-jaringan-transmisi-air-baku-popayato;kab-pohuwato;gorontalo;18-km;;f;k;syc', '18.0000', '', '177', '0.0000', 'lt/dt', '004', '19300000000.00', '19300000000.00', '10034976000.00', '70.47', 2019, NULL, '2019-11-06 01:46:20'),
(667, '06498287', 42, 'Supervisi Pembangunan Bendung/Intake dan Jaringan Transmisi Air Baku Popayato;Kab. Pohuwato;Gorontalo;0;;NF;K;SYC', 'supervisi-pembangunan-bendung-intake-dan-jaringan-transmisi-air-baku-popayato;kab-pohuwato;gorontalo;0;;nf;k;syc', '1.0000', '', '299', '0.0000', 'lt/dt', '004', '700000000.00', '700000000.00', '268275000.00', '77.66', 2019, NULL, '2019-11-06 01:46:38'),
(668, '06498287', 43, 'Administrasi Kegiatan Air Tanah dan Air Baku I;Tersebar;Gorontalo;0;;NF;AU;SYC', 'administrasi-kegiatan-air-tanah-dan-air-baku-i;tersebar;gorontalo;0;;nf;au;syc', '1.0000', '', '075', '0.0000', 'lt/dt', '970', '525000000.00', '525000000.00', '346967000.00', '66.09', 2019, NULL, '2019-11-06 01:47:03'),
(669, '06498287', 44, 'Administrasi Kegiatan Air Tanah Air Baku II;Tersebar;Gorontalo;0;;NF;AU;SYC', 'administrasi-kegiatan-air-tanah-air-baku-ii;tersebar;gorontalo;0;;nf;au;syc', '1.0000', '', '075', '0.0000', 'lt/dt', '970', '525000000.00', '525000000.00', '422970000.00', '80.57', 2019, NULL, '2019-11-06 01:47:32'),
(670, '06498307', 48, 'Pengadaan Perlengkapan dan Jaringan Air Tanah untuk Air Baku pada Daerah Kekeringan di Desa Bontomanai Kec. Bissappu Kab. Bantaeng;Kab. Bantaeng;Sulawesi Selatan;0 titik; m3/detik;F;S;SYC', 'pengadaan-perlengkapan-dan-jaringan-air-tanah-untuk-air-baku-pada-daerah-kekeringan-di-desa-bontomanai-kec-bissappu-kab-bantaeng;kab-bantaeng;sulawesi-selatan;0-titik;-m3-detik;f;s;syc', '0.0000', '', '491', '0.0000', 'lt/dt', '002', '200000000.00', '200000000.00', '199593000.00', '100.00', 2019, NULL, '2019-11-06 02:25:02'),
(671, '06498307', 50, 'Pengadaan Perlengkapan dan Jaringan Air Tanah untuk Air Baku pada Daerah Kekeringan di Desa Watangpulu Kec. Suppa Kab. Pinrang;Kab. Pinrang;Sulawesi Selatan;0 titik; m3/detik;F;S;SYC', 'pengadaan-perlengkapan-dan-jaringan-air-tanah-untuk-air-baku-pada-daerah-kekeringan-di-desa-watangpulu-kec-suppa-kab-pinrang;kab-pinrang;sulawesi-selatan;0-titik;-m3-detik;f;s;syc', '0.0000', '', '491', '0.0000', 'lt/dt', '002', '200000000.00', '200000000.00', '199776000.00', '100.00', 2019, NULL, '2019-11-06 02:26:24'),
(672, '06498307', 52, 'Pengadaan Perlengkapan dan Jaringan Air Tanah untuk Air Baku Desa Ampakale Kec. Bontoa Kab. Maros;Kab. Maros;Sulawesi Selatan;0 titik; m3/detik;NF;S;SYC', 'pengadaan-perlengkapan-dan-jaringan-air-tanah-untuk-air-baku-desa-ampakale-kec-bontoa-kab-maros;kab-maros;sulawesi-selatan;0-titik;-m3-detik;nf;s;syc', '0.0000', '', '491', '0.0000', 'lt/dt', '002', '200000000.00', '200000000.00', '199190000.00', '100.00', 2019, NULL, '2019-11-06 02:27:19'),
(673, '06498307', 54, 'Pengadaan Perlengkapan dan Jaringan Air Tanah untuk Air Baku pada Daerah Kekeringan di Desa Bungi Kec. Duampanua Kab. Pinrang;Kab. Pinrang;Sulawesi Selatan;0 titik; m3/detik;F;S;SYC', 'pengadaan-perlengkapan-dan-jaringan-air-tanah-untuk-air-baku-pada-daerah-kekeringan-di-desa-bungi-kec-duampanua-kab-pinrang;kab-pinrang;sulawesi-selatan;0-titik;-m3-detik;f;s;syc', '0.0000', '', '491', '0.0000', 'lt/dt', '002', '200000000.00', '200000000.00', '199638000.00', '100.00', 2019, NULL, '2019-11-06 02:28:36'),
(674, '06498357', 29, 'Pembangunan Penyediaan Air Tanah untuk Air Baku pada Daerah Kekeringan di Jalur I SP4 Kec. Manyamuk Kab. Sorong;Kab. Sorong;Papua Barat;1 titik; m3/detik;F;K;SYC', 'pembangunan-penyediaan-air-tanah-untuk-air-baku-pada-daerah-kekeringan-di-jalur-i-sp4-kec-manyamuk-kab-sorong;kab-sorong;papua-barat;1-titik;-m3-detik;f;k;syc', '1.0000', '', '491', '0.0000', 'lt/dt', '002', '200000000.00', '200000000.00', NULL, '70.00', 2019, NULL, NULL),
(675, '06498098', 31, 'Pengadaan Perlengkapan dan Jaringan Air Tanah untuk Air Baku pada daerah kekeringan di Desa Batu Betumpang Kab. Bangka Selatan;Kab. Bangka Selatan;Kepulauan Bangka Belitung;0 titik; m3/detik;F;K;SYC', 'pengadaan-perlengkapan-dan-jaringan-air-tanah-untuk-air-baku-pada-daerah-kekeringan-di-desa-batu-betumpang-kab-bangka-selatan;kab-bangka-selatan;kepulauan-bangka-belitung;0-titik;-m3-detik;f;k;syc', '0.0000', '', '491', '0.0000', 'lt/dt', '002', '200000000.00', '200000000.00', NULL, '70.00', 2019, NULL, NULL),
(676, '06498098', 32, 'Pembangunan Penyediaan Air Tanah untuk Air Baku pada daerah rawan air / kekeringan di Desa Tanjung Binga Kab. Belitung;Kab. Belitung;Kepulauan Bangka Belitung;0 titik; m3/detik;F;K;SYC', 'pembangunan-penyediaan-air-tanah-untuk-air-baku-pada-daerah-rawan-air--kekeringan-di-desa-tanjung-binga-kab-belitung;kab-belitung;kepulauan-bangka-belitung;0-titik;-m3-detik;f;k;syc', '0.0000', '', '491', '0.0000', 'lt/dt', '002', '200000000.00', '200000000.00', NULL, '70.00', 2019, NULL, NULL),
(677, '06498098', 33, 'Pengadaan Perlengkapan dan Jaringan Air Tanah untuk Air Baku pada daerah kekeringan di Desa Tanjung Binga Kab. Belitung;Kab. Belitung;Kepulauan Bangka Belitung;0 titik; m3/detik;F;K;SYC', 'pengadaan-perlengkapan-dan-jaringan-air-tanah-untuk-air-baku-pada-daerah-kekeringan-di-desa-tanjung-binga-kab-belitung;kab-belitung;kepulauan-bangka-belitung;0-titik;-m3-detik;f;k;syc', '0.0000', '', '491', '0.0000', 'lt/dt', '002', '200000000.00', '200000000.00', NULL, '70.00', 2019, NULL, NULL),
(678, '06633908', 54, 'Review Desain Penyediaan Air Baku Pulau Laut Kabupaten Kotabaru;Kab. Kota Baru;Kalimantan Selatan;1 Dokumen; Dokumen;NF;K;SYC', 'review-desain-penyediaan-air-baku-pulau-laut-kabupaten-kotabaru;kab-kota-baru;kalimantan-selatan;1-dokumen;-dokumen;nf;k;syc', '1.0000', '', '075', '1.0000', 'lt/dt', '001', '698200000.00', '750000000.00', '662970000.00', '100.00', 2019, NULL, '2019-11-05 00:04:14'),
(679, '06498297', 42, 'Supervisi Konstruksi Rehabilitasi Penyediaan Air Tanah untuk Air Baku di Kab.Donggala;Kab. Donggala;Sulawesi Tengah;0 titik; m3/detik;NF;K;SYC', 'supervisi-konstruksi-rehabilitasi-penyediaan-air-tanah-untuk-air-baku-di-kabdonggala;kab-donggala;sulawesi-tengah;0-titik;-m3-detik;nf;k;syc', '0.0000', '', '491', '0.0000', 'lt/dt', '007', '400000000.00', '400000000.00', NULL, '70.00', 2019, NULL, NULL),
(680, '06498297', 43, 'Optimalisasi Intake dan Jaringan Pipa Transmisi Air Baku Tokararu-Tangkura Kab. Poso;Kab. Poso;Sulawesi Tengah;0 km; m3/detik;F;K;SYC', 'optimalisasi-intake-dan-jaringan-pipa-transmisi-air-baku-tokararu-tangkura-kab-poso;kab-poso;sulawesi-tengah;0-km;-m3-detik;f;k;syc', '0.0001', '', '177', '0.0000', 'lt/dt', '009', '7600000000.00', '7600000000.00', NULL, '70.00', 2019, NULL, NULL),
(681, '06498297', 44, 'Rehabilitasi Unit Air Baku Tinombo Kab.Parigi Moutong;Kab. Parigi Moutong;Sulawesi Tengah;0 km; m3/detik;F;K;SYC', 'rehabilitasi-unit-air-baku-tinombo-kabparigi-moutong;kab-parigi-moutong;sulawesi-tengah;0-km;-m3-detik;f;k;syc', '0.0000', '', '177', '0.0000', 'lt/dt', '009', '5000000000.00', '5000000000.00', NULL, '70.00', 2019, NULL, NULL),
(682, '06498297', 45, 'Supervisi Konstruksi Optimalisasi Intake dan Jaringan Pipa Transmisi Air Baku Tokararu-Tangkura Kab. Poso;Kab. Poso;Sulawesi Tengah;0 km; m3/detik;NF;K;SYC', 'supervisi-konstruksi-optimalisasi-intake-dan-jaringan-pipa-transmisi-air-baku-tokararu-tangkura-kab-poso;kab-poso;sulawesi-tengah;0-km;-m3-detik;nf;k;syc', '0.0000', '', '177', '0.0000', 'lt/dt', '009', '400000000.00', '400000000.00', NULL, '70.00', 2019, NULL, NULL),
(683, '06498297', 46, 'Administrasi Kegiatan PPK Air Tanah dan Air Baku;Kota Palu;Sulawesi Tengah;1 Layanan; Layanan;NF;AU;SYC', 'administrasi-kegiatan-ppk-air-tanah-dan-air-baku;kota-palu;sulawesi-tengah;1-layanan;-layanan;nf;au;syc', '1.0000', '', '216', '0.0000', 'lt/dt', '970', '525000000.00', '525000000.00', NULL, '70.00', 2019, NULL, NULL),
(684, '06498248', 35, 'Administrasi Kegiatan PPK Pendayagunaan Air Baku;Kota Denpasar;Bali;1 Layanan; Layanan;NF;AU;SYC', 'administrasi-kegiatan-ppk-pendayagunaan-air-baku;kota-denpasar;bali;1-layanan;-layanan;nf;au;syc', '1.0000', '', '216', '0.0000', 'lt/dt', '970', '337682000.00', '337682000.00', NULL, '70.00', 2019, NULL, NULL),
(685, '06498067', 36, 'Peningkatan Kapasitas Intake Ma. Bulian Kab. Batanghari dan Bangunan Pendukung Lainnya;Kab. Batang Hari;Jambi;0.1200 km; m3/detik;F;K;SYC', 'peningkatan-kapasitas-intake-ma-bulian-kab-batanghari-dan-bangunan-pendukung-lainnya;kab-batang-hari;jambi;01200-km;-m3-detik;f;k;syc', '0.1200', '', '177', '0.0000', 'lt/dt', '004', '11300000000.00', '11300000000.00', NULL, '70.00', 2019, NULL, NULL),
(686, '06498177', 42, 'Pengadaan Perlengkapan Air Tanah untuk Air Baku pada Daerah Kekeringan di Desa Selang, Kec. Wonosari, Kab. Gunungkidul;Kab. Gunung Kidul;DI Yogyakarta;0 titik; m3/detik; F;S; SYC', 'pengadaan-perlengkapan-air-tanah-untuk-air-baku-pada-daerah-kekeringan-di-desa-selang-kec-wonosari-kab-gunungkidul;kab-gunung-kidul;di-yogyakarta;0-titik;-m3-detik;-f;s;-syc', '0.0000', '', '491', '0.0000', 'lt/dt', '002', '100000000.00', '100000000.00', NULL, '70.00', 2019, NULL, NULL),
(687, '06498177', 43, 'Pembangunan Penyediaan Air Tanah untuk Air Baku pada Daerah Kekeringan di Desa Bedoyo, Kec. Ponjong; Kab. Gunung Kidul; DI Yogyakarta;1 titik; m3/detik; F;S; SYC', 'pembangunan-penyediaan-air-tanah-untuk-air-baku-pada-daerah-kekeringan-di-desa-bedoyo-kec-ponjong;-kab-gunung-kidul;-di-yogyakarta;1-titik;-m3-detik;-f;s;-syc', '1.0000', '', '491', '0.0000', 'lt/dt', '002', '300000000.00', '300000000.00', NULL, '70.00', 2019, NULL, NULL),
(688, '06498047', 13, 'Layanan Internal (Overhead) Kegiatan Air Tanah dan Air Baku di Kepulauan Riau: Kota Batam;Kota Batam;Kepulauan Riau;1 Layanan; Layanan;NF;AU;SYC', 'layanan-internal-(overhead)-kegiatan-air-tanah-dan-air-baku-di-kepulauan-riau:-kota-batam;kota-batam;kepulauan-riau;1-layanan;-layanan;nf;au;syc', '1.0000', '', '216', '1.0000', 'lt/dt', '970', '550000000.00', '550000000.00', NULL, '70.00', 2019, NULL, NULL),
(689, '06498047', 14, 'Swakelola Persiapan Kegiatan Air Baku TA. 2020 pada SNVT PJPA;Kota Batam;Kepulauan Riau;1 Dokumen; Dokumen;NF;K;SYC', 'swakelola-persiapan-kegiatan-air-baku-ta-2020-pada-snvt-pjpa;kota-batam;kepulauan-riau;1-dokumen;-dokumen;nf;k;syc', '1.0000', '', '075', '1.0000', 'lt/dt', '001', '250000000.00', '250000000.00', NULL, '70.00', 2019, NULL, NULL),
(690, '06498067', 37, 'Konsultan Supervisi Peningkatan Kapasitas Intake Ma. Bulian Kab. Batanghari dan Bangunan Pendukung Lainnya;Kab. Batang Hari;Jambi;0;;NF;K;SYC', 'konsultan-supervisi-peningkatan-kapasitas-intake-ma-bulian-kab-batanghari-dan-bangunan-pendukung-lainnya;kab-batang-hari;jambi;0;;nf;k;syc', '0.0000', '', '177', '0.0000', 'lt/dt', '004', '500000000.00', '500000000.00', NULL, '70.00', 2019, NULL, NULL),
(691, '06498167', 55, 'Supervisi Rehabilitasi Jaringan Air Baku Klambu Kudu (MYC SBSN);Kota Semarang;Jawa Tengah;0;;NF;K;MYC', 'supervisi-rehabilitasi-jaringan-air-baku-klambu-kudu-(myc-sbsn);kota-semarang;jawa-tengah;0;;nf;k;myc', '1.0000', '', '215', '0.0000', 'lt/dt', '009', '1400180000.00', '5252830000.00', NULL, '70.00', 2019, NULL, NULL),
(692, '06498167', 56, 'Administrasi Kegiatan PPK Penyediaan Air Baku;Tersebar;Jawa Tengah;0;;NF;AU;SYC', 'administrasi-kegiatan-ppk-penyediaan-air-baku;tersebar;jawa-tengah;0;;nf;au;syc', '1.0000', '', '216', '0.0000', 'lt/dt', '970', '700000000.00', '700000000.00', NULL, '70.00', 2019, NULL, NULL),
(693, '06498145', 36, 'Penanggulangan Longsoran Pipa Air Baku Gunung Cupu di Kab.Ciamis;Kab. Ciamis;Jawa Barat;0 titik; m3/detik;F;S;SYC', 'penanggulangan-longsoran-pipa-air-baku-gunung-cupu-di-kabciamis;kab-ciamis;jawa-barat;0-titik;-m3-detik;f;s;syc', '0.0000', '', '491', '0.0000', 'lt/dt', '004', '650000000.00', '650000000.00', NULL, '70.00', 2019, NULL, NULL),
(694, '06498145', 37, 'Supervisi Konstruksi Pembangunan SPAM IKK Sukaresik Tahap II di Kab. Tasikmalaya;Kab. Tasikmalaya;Jawa Barat;0 dokumen; dokumen;NF;K;SYC', 'supervisi-konstruksi-pembangunan-spam-ikk-sukaresik-tahap-ii-di-kab-tasikmalaya;kab-tasikmalaya;jawa-barat;0-dokumen;-dokumen;nf;k;syc', '0.0000', '', '075', '0.0000', 'lt/dt', '004', '733932000.00', '733932000.00', NULL, '70.00', 2019, NULL, NULL),
(695, '06498145', 38, 'Administrasi Kegiatan PPK Air Tanah dan Air Baku;Kota Banjar;Jawa Barat;1 Layanan; Layanan;NF;AU;SYC', 'administrasi-kegiatan-ppk-air-tanah-dan-air-baku;kota-banjar;jawa-barat;1-layanan;-layanan;nf;au;syc', '1.0000', '', '216', '0.0000', 'lt/dt', '970', '525000000.00', '525000000.00', NULL, '70.00', 2019, NULL, NULL),
(696, '06498039', 64, 'Rehabilitasi Jaringan Pipa Transmisi Air Baku Batang Karimo di Kab. Sijunjung (Lanjutan);Kab. Sijunjung;Sumatera Barat;0.9 km;;F;K;SYC', 'rehabilitasi-jaringan-pipa-transmisi-air-baku-batang-karimo-di-kab-sijunjung-(lanjutan);kab-sijunjung;sumatera-barat;09-km;;f;k;syc', '0.9000', '', '177', '0.0000', 'lt/dt', '009', '6379732000.00', '6379732000.00', NULL, '70.00', 2019, NULL, NULL),
(697, '06498039', 66, 'Layanan Internal Organisasi Air Tanah dan Air Baku I;Kota Padang;Sumatera Barat;1 layanan; layanan;NF;AU;SYC', 'layanan-internal-organisasi-air-tanah-dan-air-baku-i;kota-padang;sumatera-barat;1-layanan;-layanan;nf;au;syc', '1.0000', '', '216', '0.0000', 'lt/dt', '970', '303191000.00', '303191000.00', NULL, '70.00', 2019, NULL, NULL),
(698, '06498039', 67, 'Layanan Internal Organisasi Air Tanah dan Air Baku II;Kota Padang;Sumatera Barat;1 layanan; layanan;NF;AU;SYC', 'layanan-internal-organisasi-air-tanah-dan-air-baku-ii;kota-padang;sumatera-barat;1-layanan;-layanan;nf;au;syc', '1.0000', '', '216', '0.0000', 'lt/dt', '970', '296809000.00', '296809000.00', NULL, '70.00', 2019, NULL, NULL),
(699, '06498039', 68, 'Prom Sarana dan Prasarana Air Tanah dan Air Baku I;Kota Padang;Sumatera Barat;0;;NF;AU;SYC', 'prom-sarana-dan-prasarana-air-tanah-dan-air-baku-i;kota-padang;sumatera-barat;0;;nf;au;syc', '1.0000', '', '216', '0.0000', 'lt/dt', '970', '125000000.00', '125000000.00', NULL, '70.00', 2019, NULL, NULL),
(700, '06498039', 69, 'Prom Sarana dan Prasarana Air Tanah dan Air Baku II;Kota Padang;Sumatera Barat;0;;NF;AU;SYC', 'prom-sarana-dan-prasarana-air-tanah-dan-air-baku-ii;kota-padang;sumatera-barat;0;;nf;au;syc', '1.0000', '', '216', '0.0000', 'lt/dt', '970', '125000000.00', '125000000.00', NULL, '70.00', 2019, NULL, NULL),
(701, '06498039', 70, 'Monitoring dan Evaluasi ATAB I;Kota Padang;Sumatera Barat;1;;NF;AU;SYC', 'monitoring-dan-evaluasi-atab-i;kota-padang;sumatera-barat;1;;nf;au;syc', '1.0000', '', '216', '0.0000', 'lt/dt', '970', '75000000.00', '75000000.00', NULL, '70.00', 2019, NULL, NULL),
(702, '06498039', 71, 'Monitoring dan Evaluasi ATAB II;Kota Padang;Sumatera Barat;1;;NF;AU;SYC', 'monitoring-dan-evaluasi-atab-ii;kota-padang;sumatera-barat;1;;nf;au;syc', '1.0000', '', '216', '0.0000', 'lt/dt', '970', '75000000.00', '75000000.00', NULL, '70.00', 2019, NULL, NULL),
(703, '06498167', 57, 'Pembangunan Penyediaan Air Tanah untuk Air Baku pada Daerah Kekeringan di Desa Tawangrejo Kec. Winong Kab. Pati', 'pembangunan-penyediaan-air-tanah-untuk-air-baku-pada-daerah-kekeringan-di-desa-tawangrejo-kec-winong-kab-pati', '0.0000', '', '491', '0.0000', 'lt/dt', '002', '200000000.00', '200000000.00', NULL, '70.00', 2019, NULL, NULL),
(704, '06498167', 58, 'Pembangunan Penyediaan Air Tanah untuk Air Baku pada Daerah Kekeringan di Desa Pantirejo Kec. Gabus Kab. Pati', 'pembangunan-penyediaan-air-tanah-untuk-air-baku-pada-daerah-kekeringan-di-desa-pantirejo-kec-gabus-kab-pati', '0.0000', '', '491', '0.0000', 'lt/dt', '002', '200000000.00', '200000000.00', NULL, '70.00', 2019, NULL, NULL),
(705, '06498167', 59, 'Pembangunan Penyediaan Air Tanah untuk Air Baku pada Daerah Kekeringan di Desa Banyumeneng Kec.Mranggen Kab. Demak', 'pembangunan-penyediaan-air-tanah-untuk-air-baku-pada-daerah-kekeringan-di-desa-banyumeneng-kecmranggen-kab-demak', '1.0000', '', '491', '0.0000', 'lt/dt', '002', '200000000.00', '200000000.00', NULL, '70.00', 2019, NULL, NULL),
(706, '06498167', 60, 'Pembangunan Penyediaan Air Tanah untuk Air Baku pada Daerah Kekeringan di Desa Babalan Kec. Gabus Kab. Pati', 'pembangunan-penyediaan-air-tanah-untuk-air-baku-pada-daerah-kekeringan-di-desa-babalan-kec-gabus-kab-pati', '0.0000', '', '491', '0.0000', 'lt/dt', '002', '200000000.00', '200000000.00', NULL, '70.00', 2019, NULL, NULL),
(707, '06633991', 65, 'SID Peyediaan Ai Baku Pada Kawasan Perbatasan di Tanimbar Selatan,Selaru,Weramnia,Kormomolin,Nirunmas,Tanimbar Utara Yaru;Kab. Maluku Barat Daya;Maluku;1.0000 Dokumen; Dokumen;NF;K;SYC', 'sid-peyediaan-ai-baku-pada-kawasan-perbatasan-di-tanimbar-selatanselaruweramniakormomolinnirunmastanimbar-utara-yaru;kab-maluku-barat-daya;maluku;10000-dokumen;-dokumen;nf;k;syc', '1.0000', '', '075', '0.0000', 'lt/dt', '001', '2500000000.00', '2500000000.00', NULL, '70.00', 2019, NULL, NULL),
(708, '06498257', 51, 'Monitoring dan Evaluasi Konstruksi Air Tanah dan Air Baku SNVT PJPA Nusa Tenggara I Provinsi NTB ;Kota Mataram;Nusa Tenggara Barat;1 Layanan; Layanan;NF;AU;SYC', 'monitoring-dan-evaluasi-konstruksi-air-tanah-dan-air-baku-snvt-pjpa-nusa-tenggara-i-provinsi-ntb-;kota-mataram;nusa-tenggara-barat;1-layanan;-layanan;nf;au;syc', '1.0000', '', '216', '0.0000', 'lt/dt', '970', '200000000.00', '200000000.00', NULL, '70.00', 2019, NULL, NULL),
(709, '06498017', 34, 'Pembangunan Tampungan Air Hujan pada Daerah Kekeringan di Kec. Tamiang Hulu Kab. Aceh Tamiang;Kab. Aceh Tamiang;Aceh;1 buah; m3/detik;F;K;SYC', 'pembangunan-tampungan-air-hujan-pada-daerah-kekeringan-di-kec-tamiang-hulu-kab-aceh-tamiang;kab-aceh-tamiang;aceh;1-buah;-m3-detik;f;k;syc', '1.0000', '', '047', '0.0000', 'lt/dt', '003', '450000000.00', '450000000.00', NULL, '70.00', 2019, NULL, NULL),
(710, '06498017', 35, 'Pembangunan Tampungan Air Hujan pada Daerah Kekeringan di Kec. Tamiang Hulu Kab. Aceh Tamiang;Kab. Aceh Tamiang;Aceh;1 buah; m3/detik;F;S;SYC', 'pembangunan-tampungan-air-hujan-pada-daerah-kekeringan-di-kec-tamiang-hulu-kab-aceh-tamiang;kab-aceh-tamiang;aceh;1-buah;-m3-detik;f;s;syc', '1.0000', '', '047', '0.0000', 'lt/dt', '003', '450000000.00', '450000000.00', NULL, '70.00', 2019, NULL, NULL),
(711, '06633826', 90, 'Pendampingan ESP;Kota Bandung', 'pendampingan-esp;kota-bandung', '1.0000', '', '163', '0.0000', 'lt/dt', '001', '30000000.00', '30000000.00', NULL, '70.00', 2019, NULL, NULL),
(712, '06498237', 41, 'Supervisi Pembangunan Sumur Uji Produksi Air Baku Pedesaan Kabupaten Paser Provinsi Kalimantan Timur;1 Dokumen; 1 Dokumen;NF;K;SYC', 'supervisi-pembangunan-sumur-uji-produksi-air-baku-pedesaan-kabupaten-paser-provinsi-kalimantan-timur;1-dokumen;-1-dokumen;nf;k;syc', '1.0000', '', '075', '0.0000', 'lt/dt', '002', '245972000.00', '245972000.00', '242972000.00', '99.75', 2019, NULL, '2019-11-06 00:31:58'),
(713, '06498277', 19, 'Pengadaan Perlengkapan dan Jaringan Air Tanah untuk Air Baku pada Daerah Kekeringan di Desa Serey Kec.Likupang Barat Kab. Minahasa Utara;Kab.\nMinahasa Utara;Sulawesi Utara;0;;F;S;SYC', 'pengadaan-perlengkapan-dan-jaringan-air-tanah-untuk-air-baku-pada-daerah-kekeringan-di-desa-serey-keclikupang-barat-kab-minahasa-utara;kab\nminahasa-utara;sulawesi-utara;0;;f;s;syc', '0.0000', '', '491', '0.0000', 'lt/dt', '002', '200000000.00', '200000000.00', NULL, '70.00', 2019, NULL, NULL),
(714, '06498277', 21, 'Pembangunan Tampungan Air Hujan pada Daerah Kekeringan di Kelurahan Bunaken, Kec. Bunaken, Kota Manado', 'pembangunan-tampungan-air-hujan-pada-daerah-kekeringan-di-kelurahan-bunaken-kec-bunaken-kota-manado', '1.0000', '', '491', '0.0000', 'lt/dt', '002', '1350000000.00', '1350000000.00', NULL, '70.00', 2019, NULL, NULL),
(715, '06498277', 22, 'Pembangunan Tampungan Air Hujan pada Daerah Kekeringan di Desa Tetey Kec.Dimembe Kab. Minahasa Utara;Kab. Minahasa Utara;Sulawesi Utara;1\ntitik;;F;S;SYC', 'pembangunan-tampungan-air-hujan-pada-daerah-kekeringan-di-desa-tetey-kecdimembe-kab-minahasa-utara;kab-minahasa-utara;sulawesi-utara;1\ntitik;;f;s;syc', '1.0000', '', '491', '0.0000', 'lt/dt', '002', '450000000.00', '450000000.00', NULL, '70.00', 2019, NULL, NULL),
(716, '06498277', 23, 'Pembangunan Tampungan Air Hujan pada Daerah Kekeringan di Desa Tiwoho Kec.Wori Kab. Minahasa Utara;Kab. Minahasa Utara;Sulawesi Utara;1\ntitik;;F;S;SYC', 'pembangunan-tampungan-air-hujan-pada-daerah-kekeringan-di-desa-tiwoho-kecwori-kab-minahasa-utara;kab-minahasa-utara;sulawesi-utara;1\ntitik;;f;s;syc', '1.0000', '', '491', '0.0000', 'lt/dt', '002', '450000000.00', '450000000.00', NULL, '70.00', 2019, NULL, NULL),
(717, '06498307', 56, 'Pengadaan Perlengkapan dan Jaringan Air Tanah untuk Air Baku pada Daerah Kekeringan di Desa Cikoro Kec. Tompobulu Kab. Gowa;Kab. Gowa;Sulawesi Selatan;0 titik; m3/detik;F;S;SYC', 'pengadaan-perlengkapan-dan-jaringan-air-tanah-untuk-air-baku-pada-daerah-kekeringan-di-desa-cikoro-kec-tompobulu-kab-gowa;kab-gowa;sulawesi-selatan;0-titik;-m3-detik;f;s;syc', '0.0000', '', '491', '0.0000', 'lt/dt', '002', '200000000.00', '200000000.00', '198995000.00', '100.00', 2019, NULL, '2019-11-06 02:29:10'),
(718, '06498307', 58, 'Pengadaan Perlengkapan dan Jaringan Air Tanah untuk Air Baku pada Daerah Kekeringan di Desa Songka Kec. Wara Selatan Kab. Palopo;Kota Palopo;Sulawesi Selatan;0 titik; m3/detik;F;S;SYC', 'pengadaan-perlengkapan-dan-jaringan-air-tanah-untuk-air-baku-pada-daerah-kekeringan-di-desa-songka-kec-wara-selatan-kab-palopo;kota-palopo;sulawesi-selatan;0-titik;-m3-detik;f;s;syc', '0.0000', '', '491', '0.0000', 'lt/dt', '002', '200000000.00', '200000000.00', NULL, '0.00', 2019, NULL, '2019-11-06 02:29:23'),
(719, '06498136', 68, 'Persiapan Pengadaan Lahan Embung Cikalong', 'persiapan-pengadaan-lahan-embung-cikalong', '1.0000', '', '075', '0.0000', 'lt/dt', '003', '243120000.00', '243120000.00', NULL, '70.00', 2019, NULL, NULL),
(720, '06633755', 64, 'SID Air Tanah untuk Air Baku di Kab.Merangin Provinsi Jambi;Kab. Merangin;Jambi;1 Dokumen; Dokumen;NF;K;SYC', 'sid-air-tanah-untuk-air-baku-di-kabmerangin-provinsi-jambi;kab-merangin;jambi;1-dokumen;-dokumen;nf;k;syc', '1.0000', '', '075', '0.0000', 'lt/dt', '001', '750000000.00', '750000000.00', NULL, '70.00', 2019, NULL, NULL),
(721, '06633755', 65, 'SID Air Tanah untuk Air Baku di Kab.Sarolangun Provinsi Jambi;Kab. Sarolangun;Jambi;1 Dokumen; Dokumen;NF;K;SYC', 'sid-air-tanah-untuk-air-baku-di-kabsarolangun-provinsi-jambi;kab-sarolangun;jambi;1-dokumen;-dokumen;nf;k;syc', '1.0000', '', '075', '0.0000', 'lt/dt', '001', '750000000.00', '750000000.00', NULL, '70.00', 2019, NULL, NULL),
(722, '06498307', 60, 'Pengadaan Perlengkapan dan Jaringan Air Tanah untuk Air Baku pada Daerah Kekeringan di Desa Latellang Kec. Patimpeng Kab. Bone;Kab. Bone;Sulawesi Selatan;0 titik; m3/detik;F;S;SYC', 'pengadaan-perlengkapan-dan-jaringan-air-tanah-untuk-air-baku-pada-daerah-kekeringan-di-desa-latellang-kec-patimpeng-kab-bone;kab-bone;sulawesi-selatan;0-titik;-m3-detik;f;s;syc', '0.0000', '', '491', '0.0000', 'lt/dt', '002', '200000000.00', '200000000.00', '199671000.00', '100.00', 2019, NULL, '2019-11-06 02:29:56'),
(723, '06498307', 61, 'Pengeboran Sumur Air Tanah untuk Air Baku Pada Daerah Kekeringan (Tersebar) Prov. Sulawesi Selatan;Kab. Bantaeng;Sulawesi Selatan;1;;F;S;SYC', 'pengeboran-sumur-air-tanah-untuk-air-baku-pada-daerah-kekeringan-(tersebar)-prov-sulawesi-selatan;kab-bantaeng;sulawesi-selatan;1;;f;s;syc', '1.0000', '', '491', '0.0000', 'lt/dt', '002', '200000000.00', '200000000.00', '197300000.00', '100.00', 2019, NULL, '2019-11-06 02:30:21'),
(724, '06498307', 62, 'Rehabilitasi Jaringan Irigasi Air Tanah Kab. Barru;Kab. Barru;Sulawesi Selatan;2;;F;K;SYC', 'rehabilitasi-jaringan-irigasi-air-tanah-kab-barru;kab-barru;sulawesi-selatan;2;;f;k;syc', '2.0000', '', '177', '0.0000', 'lt/dt', '011', '3300000000.00', '3300000000.00', '1563978000.00', '92.67', 2019, NULL, '2019-11-06 02:30:48'),
(725, '06498097', 51, 'Pembangunan Tampungan Air Hujan pada Daerah Kekeringan di Desa Karang Anyar Kec. Sumber Marga Telang Kab. Banyuasin;Kab. Banyu Asin;Sumatera Selatan;1 buah; m3/detik;F;K;SYC', 'pembangunan-tampungan-air-hujan-pada-daerah-kekeringan-di-desa-karang-anyar-kec-sumber-marga-telang-kab-banyuasin;kab-banyu-asin;sumatera-selatan;1-buah;-m3-detik;f;k;syc', '1.0000', '', '047', '0.0000', 'lt/dt', '003', '450000000.00', '450000000.00', NULL, '70.00', 2019, NULL, NULL),
(726, '06633781', 73, 'DD Rehabilitasi Penyediaan Air Baku Kolong Merawang Pulau Bangka', 'dd-rehabilitasi-penyediaan-air-baku-kolong-merawang-pulau-bangka', '1.0000', '', '075', '0.0000', 'lt/dt', '001', '600000000.00', '600000000.00', NULL, '70.00', 2019, NULL, NULL),
(727, '06633781', 74, 'Desain Rehabilitasi PAB Kolong Dukong Kab. Belitung', 'desain-rehabilitasi-pab-kolong-dukong-kab-belitung', '1.0000', '', '075', '0.0000', 'lt/dt', '001', '600000000.00', '600000000.00', NULL, '70.00', 2019, NULL, NULL),
(728, '06498098', 34, 'Pengawasan Pembangunan tampungan air hujan pada daerah kekeringan di Prov. Kep. Bangka Belitung;Tersebar;Kepulauan Bangka Belitung;1 Dokumen; Dokumen;NF;S;SYC', 'pengawasan-pembangunan-tampungan-air-hujan-pada-daerah-kekeringan-di-prov-kep-bangka-belitung;tersebar;kepulauan-bangka-belitung;1-dokumen;-dokumen;nf;s;syc', '1.0000', '', '215', '0.0000', 'lt/dt', '003', '200000000.00', '200000000.00', NULL, '70.00', 2019, NULL, NULL),
(729, '06498098', 35, 'Monitoring dan Evaluasi PPK Air Tanah dan Air Baku Bangka Belitung;Kota Pangkal Pinang;Kepulauan Bangka Belitung;1 Layanan; Layanan;NF;AU;SYC', 'monitoring-dan-evaluasi-ppk-air-tanah-dan-air-baku-bangka-belitung;kota-pangkal-pinang;kepulauan-bangka-belitung;1-layanan;-layanan;nf;au;syc', '12.0000', '', '049', '0.0000', 'lt/dt', '970', '150000000.00', '150000000.00', NULL, '70.00', 2019, NULL, NULL),
(730, '06498098', 36, 'Monitoring dan Evaluasi Bidang PJPA Sumatera VIII;Kota Pangkal Pinang;Kepulauan Bangka Belitung;0;;NF;AU;SYC', 'monitoring-dan-evaluasi-bidang-pjpa-sumatera-viii;kota-pangkal-pinang;kepulauan-bangka-belitung;0;;nf;au;syc', '12.0000', '', '049', '0.0000', 'lt/dt', '970', '50000000.00', '50000000.00', NULL, '70.00', 2019, NULL, NULL),
(731, '06498349', 27, 'Pembayaran Konsultasi Apraisal Untuk Lokasi Bangunan Penguat Tekan/Booster Jaringan Pipa Transmisi Air Baku SA. Sungai Maro Kota Merauke (MYC) Kab;Kab. Merauke;Papua;0 Hektar; Hektar;F;K;SYC', 'pembayaran-konsultasi-apraisal-untuk-lokasi-bangunan-penguat-tekan-booster-jaringan-pipa-transmisi-air-baku-sa-sungai-maro-kota-merauke-(myc)-kab;kab-merauke;papua;0-hektar;-hektar;f;k;syc', '0.0000', '', '110', '0.0000', 'lt/dt', '004', '25000000.00', '25000000.00', NULL, '70.00', 2019, NULL, NULL),
(732, '06498039', 65, 'Supervisi Konstruksi Rehabilitasi Jaringan Pipa Transmisi Air Baku Karimo Kab.Sijunjung (Lanjutan);Kab. Sijunjung;Sumatera Barat;0;;NF;K;SYC', 'supervisi-konstruksi-rehabilitasi-jaringan-pipa-transmisi-air-baku-karimo-kabsijunjung-(lanjutan);kab-sijunjung;sumatera-barat;0;;nf;k;syc', '1.0000', '', '215', '0.0000', 'lt/dt', '009', '476654000.00', '476654000.00', NULL, '70.00', 2019, NULL, NULL),
(733, '06498197', 52, 'Supervisi Pengembangan Embung Samiran di Kab. Pamekasan', 'supervisi-pengembangan-embung-samiran-di-kab-pamekasan', '1.0000', '', '075', '0.0000', 'lt/dt', '003', '500000000.00', '500000000.00', NULL, '70.00', 2019, NULL, NULL),
(734, '06498197', 53, 'Pembangunan Longstorage Kalimati untuk Air Baku Kab. Sidoarjo', 'pembangunan-longstorage-kalimati-untuk-air-baku-kab-sidoarjo', '1.0000', '', '047', '0.0000', 'lt/dt', '003', '175886386000.00', '366705650000.00', NULL, '70.00', 2019, NULL, NULL),
(735, '06633991', 66, 'S I D Penyediaan Air Baku Bendungan Way Apu;Kab. Buru;Maluku;1 Dokumen; Dokumen;NF;K;SYC', 's-i-d-penyediaan-air-baku-bendungan-way-apu;kab-buru;maluku;1-dokumen;-dokumen;nf;k;syc', '1.0000', '', '075', '0.0000', 'lt/dt', '001', '990000000.00', '990000000.00', NULL, '70.00', 2019, NULL, NULL),
(736, '06498097', 52, 'Pembangunan Intake dan Jaringan Pipa Transmisi Air Baku Sistem Gandus Kota Palembang;Kota Palembang;Sumatera Selatan;0.000 km; m3/detik;F;K;MYP', 'pembangunan-intake-dan-jaringan-pipa-transmisi-air-baku-sistem-gandus-kota-palembang;kota-palembang;sumatera-selatan;0000-km;-m3-detik;f;k;myp', '0.0000', '', '177', '0.0000', 'lt/dt', '004', '16100000000.00', '16100000000.00', NULL, '70.00', 2019, NULL, NULL),
(737, '06498097', 53, 'Supervisi Pembangunan Intake dan Jaringan Pipa Transmisi Air Baku Sistem Gandus Kota Palembang;Kota Palembang;Sumatera Selatan;1 Dokumen; Dokumen;NF;K;MYP', 'supervisi-pembangunan-intake-dan-jaringan-pipa-transmisi-air-baku-sistem-gandus-kota-palembang;kota-palembang;sumatera-selatan;1-dokumen;-dokumen;nf;k;myp', '1.0000', '', '215', '0.0000', 'lt/dt', '004', '850000000.00', '850000000.00', NULL, '70.00', 2019, NULL, NULL),
(738, '06498097', 54, 'Rehabilitasi Prasarana Air Baku Kab. Kepahiang;Kab. Kepahiang;Bengkulu;0 km; m3/detik;F;K;SYC', 'rehabilitasi-prasarana-air-baku-kab-kepahiang;kab-kepahiang;bengkulu;0-km;-m3-detik;f;k;syc', '0.0000', '', '177', '0.0000', 'lt/dt', '009', '2900000000.00', '2900000000.00', NULL, '70.00', 2019, NULL, NULL),
(739, '06498097', 55, 'Administrasi Perkantoran PPK Air Tanah dan Air Baku I Prov. Sumatera Selatan;Kota Palembang;Sumatera Selatan;1 Layanan; Layanan;NF;AU;SYC', 'administrasi-perkantoran-ppk-air-tanah-dan-air-baku-i-prov-sumatera-selatan;kota-palembang;sumatera-selatan;1-layanan;-layanan;nf;au;syc', '1.0000', '', '216', '0.0000', 'lt/dt', '970', '400000000.00', '400000000.00', NULL, '70.00', 2019, NULL, NULL),
(740, '06498097', 56, 'Monitoring dan Evaluasi SNVT PJPA Sumatera VIII Prov. Sumatera Selatan;Kota Palembang;Sumatera Selatan;0 Layanan; Layanan;NF;AU;SYC', 'monitoring-dan-evaluasi-snvt-pjpa-sumatera-viii-prov-sumatera-selatan;kota-palembang;sumatera-selatan;0-layanan;-layanan;nf;au;syc', '1.0000', '', '216', '0.0000', 'lt/dt', '970', '250000000.00', '250000000.00', NULL, '70.00', 2019, NULL, NULL),
(741, '06498087', 33, 'Pembangunan Tampungan Air Hujan pada Daerah Kekeringan di Kec.Air Rame', 'pembangunan-tampungan-air-hujan-pada-daerah-kekeringan-di-kecair-rame', '1.0000', '', '047', '0.0000', 'lt/dt', '003', '450000000.00', '450000000.00', NULL, '70.00', 2019, NULL, NULL),
(742, '06498087', 34, 'Pembangunan Tampungan Air Hujan pada Daerah Kekeringan di Kec.Malin Deman', 'pembangunan-tampungan-air-hujan-pada-daerah-kekeringan-di-kecmalin-deman', '1.0000', '', '047', '0.0000', 'lt/dt', '003', '450000000.00', '450000000.00', NULL, '70.00', 2019, NULL, NULL),
(743, '06498087', 35, 'Pembangunan Tampungan Air Hujan pada Daerah Kekeringan di Kec.Putri Hijau', 'pembangunan-tampungan-air-hujan-pada-daerah-kekeringan-di-kecputri-hijau', '1.0000', '', '047', '0.0000', 'lt/dt', '003', '450000000.00', '450000000.00', NULL, '70.00', 2019, NULL, NULL),
(744, '06498087', 32, 'Pembangunan Tampungan Air Hujan pada Daerah Kekeringan di Kec.Ipuh', 'pembangunan-tampungan-air-hujan-pada-daerah-kekeringan-di-kecipuh', '1.0000', '', '047', '0.0000', 'lt/dt', '003', '450000000.00', '450000000.00', NULL, '70.00', 2019, NULL, NULL),
(745, '06498277', 25, 'Pembangunan JIAT Sistem Sprinkler 4 Lokasi di Kab. Bolaang Mongondow;Kab. Bolaang Mongondow;Sulawesi Utara;0;;F;K;SYC', 'pembangunan-jiat-sistem-sprinkler-4-lokasi-di-kab-bolaang-mongondow;kab-bolaang-mongondow;sulawesi-utara;0;;f;k;syc', '0.0000', '', '491', '0.0000', 'lt/dt', '002', '5503669000.00', '5503669000.00', NULL, '70.00', 2019, NULL, NULL),
(746, '06498277', 26, 'PrOM di Kab. Bolaang Mongondow;Kab. Bolaang Mongondow;Sulawesi Utara;0;;F;S;SYC', 'prom-di-kab-bolaang-mongondow;kab-bolaang-mongondow;sulawesi-utara;0;;f;s;syc', '1.0000', '', '491', '0.0000', 'lt/dt', '002', '200000000.00', '200000000.00', NULL, '70.00', 2019, NULL, NULL),
(747, '06498167', 61, 'Pembangunan Penyediaan Air Tanah untuk Air Baku pada Daerah Kekeringan di Desa Magersari Kec. Patebon Kab. Kendal- TA.2019', 'pembangunan-penyediaan-air-tanah-untuk-air-baku-pada-daerah-kekeringan-di-desa-magersari-kec-patebon-kab-kendal-ta2019', '0.0000', '', '491', '0.0000', 'lt/dt', '002', '200000000.00', '200000000.00', NULL, '70.00', 2019, NULL, NULL),
(748, '06498177', 44, 'Supervisi Pembangunan Penyediaan Air Baku Sumber Air Tanah; Kab. Temanggung; Jawa Tengah; 0 Km; 0 Ha; NF; K; SYC', 'supervisi-pembangunan-penyediaan-air-baku-sumber-air-tanah;-kab-temanggung;-jawa-tengah;-0-km;-0-ha;-nf;-k;-syc', '0.0000', '', '177', '0.0000', 'lt/dt', '002', '500000000.00', '500000000.00', NULL, '70.00', 2019, NULL, NULL),
(749, '06498177', 45, 'Pembangunan Tampungan Air Hujan pada Daerah Kekeringan di Pakuran, Kec. Sruweng, Kab. Kebumen;Kab. Kebumen;Jawa Tengah;1 buah; 0,000 m3/detik; F; S; SYC', 'pembangunan-tampungan-air-hujan-pada-daerah-kekeringan-di-pakuran-kec-sruweng-kab-kebumen;kab-kebumen;jawa-tengah;1-buah;-0000-m3-detik;-f;-s;-syc', '1.0000', '', '047', '0.0000', 'lt/dt', '003', '450000000.00', '450000000.00', NULL, '70.00', 2019, NULL, NULL),
(750, '06498177', 46, 'Pembangunan Tampungan Air Hujan pada Daerah Kekeringan di Karangjati, Kec. Susukan, Kab. Banjarnegara; Kab. Banjarnegara; Jawa Tengah;1 buah; 0,000 m3/detik; F; S; SYC', 'pembangunan-tampungan-air-hujan-pada-daerah-kekeringan-di-karangjati-kec-susukan-kab-banjarnegara;-kab-banjarnegara;-jawa-tengah;1-buah;-0000-m3-detik;-f;-s;-syc', '1.0000', '', '047', '0.0000', 'lt/dt', '003', '450000000.00', '450000000.00', NULL, '70.00', 2019, NULL, NULL);

--
-- --------------------------------------------------------

--
-- Table structure for table `tblabat`
--

CREATE TABLE `tblabat` (
  `id` int(10) UNSIGNED NOT NULL,
  `nmabat` varchar(191) COLLATE utf8mb4_unicode_ci NOT NULL
) ENGINE=InnoDB DEFAULT CHARSET=utf8mb4 COLLATE=utf8mb4_unicode_ci;

--
-- Dumping data for table `tblabat`
--

INSERT INTO `tblabat` (`id`, `nmabat`) VALUES
(1, 'Perencanaan'),
(2, 'Air Tanah'),
(3, 'Air Baku'),
(4, 'Layanan Internal (Overhea'),
(5, 'Administrasi');

-- --------------------------------------------------------

--
-- Table structure for table `tblkdoutput`
--

CREATE TABLE `tblkdoutput` (
  `id` int(10) UNSIGNED NOT NULL,
  `kdoutput` varchar(3) COLLATE utf8mb4_unicode_ci NOT NULL,
  `nmoutput` varchar(191) COLLATE utf8mb4_unicode_ci NOT NULL,
  `tblabat_id` int(1) NOT NULL,
  `tblrehabbangun_id` int(1) NOT NULL,
  `tblabjiat_id` int(1) NOT NULL
) ENGINE=InnoDB DEFAULT CHARSET=utf8mb4 COLLATE=utf8mb4_unicode_ci;

--
-- Dumping data for table `tblkdoutput`
--

INSERT INTO `tblkdoutput` (`id`, `kdoutput`, `nmoutput`, `tblabat_id`, `tblrehabbangun_id`, `tblabjiat_id`) VALUES
(1, '001', 'Rencana teknis dan dokumen lingkungan hidup untuk konstruksi air tanah dan air baku', 1, 1, 0),
(2, '010', 'Sumur JIAT yang direhabilitasi', 2, 3, 2),
(3, '011', 'Jaringan irigasi air tanah (JIAT) yang direhabilitasi', 2, 3, 2),
(4, '002', 'Sumur air tanah untuk air baku yang dibangun', 3, 2, 1),
(5, '003', 'Embung air baku yang dibangun', 3, 2, 1),
(6, '004', 'Unit air baku yang dibangun', 3, 2, 1),
(7, '005', 'Sumur JIAT yang dibangun/ditingkatkan', 2, 2, 2),
(8, '006', 'Jaringan irigasi air tanah (JIAT) yang dibangun/ditingkatkan', 2, 2, 2),
(9, '007', 'Sumur air tanah untuk air baku yang direhabilitasi', 3, 3, 1),
(10, '008', 'Embung air baku yang direhabilitasi', 3, 3, 1),
(11, '009', 'Unit air baku yang direhabilitasi', 3, 3, 1),
(12, '951', 'Layanan Internal (Overhead)', 4, 4, 0),
(13, '970', 'Layanan Dukungan Manajemen Satker', 5, 4, 0);

-- --------------------------------------------------------

--
-- Indexes for table `paket`
--
ALTER TABLE `paket`
  ADD PRIMARY KEY (`id`);

--

--
-- Indexes for table `tblabat`
--
ALTER TABLE `tblabat`
  ADD PRIMARY KEY (`id`);

--
-- Indexes for table `tblkdoutput`
--
ALTER TABLE `tblkdoutput`
  ADD PRIMARY KEY (`id`),
  ADD UNIQUE KEY `tblkdoutput_kdoutput_unique` (`kdoutput`);

--

--
-- AUTO_INCREMENT for table `paket`
--
ALTER TABLE `paket`
  MODIFY `id` int(11) NOT NULL AUTO_INCREMENT, AUTO_INCREMENT=945;

--
-- AUTO_INCREMENT for table `tblabat`
--
ALTER TABLE `tblabat`
  MODIFY `id` int(10) UNSIGNED NOT NULL AUTO_INCREMENT, AUTO_INCREMENT=14;

--
-- AUTO_INCREMENT for table `tblkdoutput`
--
ALTER TABLE `tblkdoutput`
  MODIFY `id` int(10) UNSIGNED NOT NULL AUTO_INCREMENT, AUTO_INCREMENT=14;

--

COMMIT;

/*!40101 SET CHARACTER_SET_CLIENT=@OLD_CHARACTER_SET_CLIENT */;
/*!40101 SET CHARACTER_SET_RESULTS=@OLD_CHARACTER_SET_RESULTS */;
/*!40101 SET COLLATION_CONNECTION=@OLD_COLLATION_CONNECTION */;
